EAN,Achter de schermen / factuur/ winkelmandje,Brand,Product,Type,,Volume,Inhoud,Aantal,Inkoop,Groothandel,Minimum,Maximum,Berekend,Store,Winstminimum,Winstmaximum,Winst,SKU,Clean,Notities
85715806529,Dunhil Century for Men EDP 135 ml,Dunhil,Century for Men,GIFTSET,,135 ml,75 ml BL + 100 ml Hairspray,5,25.50,27.00,47.00,50.00,,60.00,2.20,5.20,,9222,EU Clean,,0,0
887167188952,Aerin Amber Musk EDP 100 ml,Aerin,Amber Musk,EDP,,100 ml,,0,44.00,46.20,94.95,99.95,,147.90,29.21,33.35,,AER3214,EU Clean,,0,0
887167001978,Aerin Amber Musk EDP 50 ml,Aerin,Amber Musk,EDP,,50 ml,,0,32.00,33.60,74.95,79.95,,106.08,24.69,28.82,,AER3215,EU Clean,,0,0
887167188983,Aerin Evening Rose EDP 100 ml,Aerin,Evening Rose,EDP,,100 ml,,0,39.00,40.95,104.95,109.95,,147.90,42.48,46.61,,AER3211,EU Clean,,0,0
887167001992,Aerin Evening Rose EDP 50 ml,Aerin,Evening Rose,EDP,,50 ml,,0,50.00,52.50,,79.95,,106.08,-55.26,10.82,,AER3209,EU Clean,,0,0
887167188884,Aerin Gardenia Rattan EDP 100 ml,Aerin,Gardenia Rattan,EDP,,100 ml,,0,39.00,40.95,99.95,109.95,,147.90,38.35,46.61,,AER3212,EU Clean,,0,0
887167360068,Aerin Hibiscus Palm EDP 50 ml,Aerin,Hibiscus Palm,EDP,,50 ml,,0,33.00,34.65,74.95,79.95,,106.08,23.69,27.82,,AER3213,EU Clean,,0,0
887167109421,Aerin Ikat Jasmine Bodycream 150 ml,Aerin,Ikat Jasmine,BC,,150 ml,,0,9.75,10.24,,37.95,,56.09,-15.01,16.36,,AER3201,EU Clean,,0,0
887167188976,Aerin Ikat Jasmine EDP 100 ml,Aerin,Ikat Jasmine,EDP,,100 ml,,0,38.00,39.90,,104.95,,147.90,-43.26,43.48,,AER3202,EU Clean,,0,0
887167188976,Aerin Ikat Jasmine EDP 100 ml ,Aerin, Ikat Jasmine,EDP,,100 ml,,0,28.00,29.40,,114.95,,147.90,-33.26,61.74,,AER3202,EU Clean,,0,0
887167151055,Aerin Iris Meadow Bodycream 150 ml ,Aerin,Iris Meadow,BC,,150 ml,,0,9.75,10.24,,37.95,,56.09,-15.01,16.36,,AER3203,EU Clean,,0,0
887167188969,Aerin Lilac Path EDP 100 ml,Aerin,Lilac Path,EDP,,100 ml,,0,50.00,52.50,,114.95,,147.90,-55.26,39.74,,AER3204,EU Clean,,0,0
887167188969,Aerin Lilac Path EDP 100 ml,Aerin,Lilac Path,EDP,,100 ml,,0,28.00,29.40,,119.95,,147.90,-33.26,65.88,,AER3204,EU Clean,,0,0
887167001961,Aerin Lilac Path EDP 50 ml,Aerin,Lilac Path,EDP,,50 ml,,0,28.00,29.40,,79.95,,106.08,-33.26,32.82,,AER3205,EU Clean,,0,0
887167191365,Aerin Mediterranean Honeysuckle Bodycream 150 ml,Aerin,Mediterranean Honeysuckle,BC,,150 ml,,0,9.75,10.24,,39.95,,56.09,-15.01,18.01,,AER3206,EU Clean,,0,0
887167191327,Aerin Mediterranean Honeysuckle EDP 50 ml,Aerin,Mediterranean Honeysuckle,EDP,,50 ml,,0,32.00,33.60,69.95,74.95,,106.09,20.55,24.69,,AER3216,EU Clean,,0,0
887167236295,Aerin Tangier Vanille Bodycream 150 ml ,Aerin,Tangier Vanille,BC,,150 ml,,0,9.75,10.24,32.95,34.95,,56.09,12.23,13.88,,AER3207,EU Clean,,0,0
887167236264,Aerin Tangier Vanille EDP 100 ml,Aerin,Tangier Vanille,EDP,,100 ml,,0,50.00,52.50,,114.95,,147.90,-55.26,39.74,,AER3210,EU Clean,,0,0
887167236257,Aerin Tangier Vanille EDP 50 ml,Aerin,Tangier Vanille,EDP,,50 ml,,0,35.00,36.75,,79.95,,106.08,-40.26,25.82,,AER3208,EU Clean,,0,0
887167236257,Aerin Tangier Vanille EDP 50 ml,Aerin,Tangier Vanille,EDP,,50 ml,,0,28.00,29.40,,84.95,,106.08,-33.26,36.95,,AER3208,EU Clean,,0,0
887167118218,Aerin Waterlily Sun EDP 50 ml,Aerin,Waterlily Sun,EDP,,50 ml,,0,32.00,33.60,74.95,79.95,,106.09,24.69,28.82,,AER3217,EU Clean,,0,0
4013670501995,Aigner Black for Men EDT 125 ml,Aigner,Black for Men,EDT,,125 ml,,0,,0.00,,39.95,,64.65,-5.26,27.76,,AIG3201,EU Clean,,0,0
4013670005639,Aigner Blue for Men EDT 125 ml,Aigner,Blue for Men,EDT,,125 ml,,1,17.84,18.73,34.95,37.95,,65.95,5.79,8.27,,AIG3204,EU Clean,,17.84,0
4013670000016,Aigner N°1 Platinum pour Homme EDT 100 ml,Aigner,N°1 Platinum pour Homme,EDT,,100 ml,,1,16.00,16.80,35.95,41.95,,71.43,8.45,13.41,,AIG3202,EU Clean,,16,0
4013670000023,Aigner N°1 Platinum pour Homme EDT 50 ml,Aigner,N°1 Platinum pour Homme,EDT,,50 ml,,2,13.00,13.65,29.95,31.95,,51.29,6.50,8.15,,AIG3203,EU Clean,,26,0
4013670506150,Aigner Starlight EDP 100 ml,Aigner,Starlight,EDP,,100 ml,,0,,0.00,,48.50,,67.73,-5.26,34.83,,AIG3200,EU Clean,,0,0
3700753002272,Alexandre J Mandarine Sultane EDP 100 ml,Alexandre J,Mandarine Sultane,EDP,,100 ml,,0,34.31,36.03,64.95,74.95,,104.95,14.11,22.38,,ALE2101,EU Clean,,0,0
3700753000100,Alexandre J Western Leather EDP 100 ml,Alexandre J,Western Leather,EDP,,100 ml,,2,40.07,42.07,74.95,79.95,,124.95,16.62,20.75,,ALE2102,EU Clean,,80.14,0
701666360001,Amouage Beloved Woman EDP 100 ml,Amouage,Beloved Woman,EDP,,100 ml,,0,80.00,84.00,,187.95,,392.74,-85.26,70.07,,AMO4502,EU Clean,,0,0
701666263005,Amouage Blossom Love Woman EDP 100 ml,Amouage,Blossom Love Woman,EDP,,100 ml,,0,123.28,129.44,187.95,192.95,,326.38,26.79,30.93,,AMO4508,EU Clean,,0,0
701666116912,Amouage Fate Man EDP 50 ml,Amouage,Fate Man,EDP,,50 ml,,2,78.03,81.93,139.95,149.95,,242.08,32.37,40.64,,AMO4509,EU Clean,,156.06,0
701666116110,Amouage Fate Woman EDP 50 ml,Amouage,Fate Woman,EDP,,50 ml,,2,78.03,81.93,169.95,179.95,,257.53,57.17,65.43,,AMO4510,EU Clean,,156.06,0
701666319924,Amouage Figment Man EDP 100 ml,Amouage,Figment Man,EDP,,100 ml,,0,113.24,118.90,169.95,189.95,,298.74,21.96,38.49,,AMO4516,EU Clean,,0,0
701666319122,Amouage Figment Woman EDP 100 ml,Amouage,Figment Woman,EDP,,100 ml,,0,70.00,73.50,169.95,179.95,,295.78,65.20,73.46,,AMO4505,EU Clean,,0,0
701666314929,Amouage Honour Man EDP 100 ml,Amouage,Honour Man,EDP,,100 ml,,0,80.00,84.00,,167.95,,275.38,-85.26,53.55,,AMO4504,EU Clean,,0,0
701666314127,Amouage Honour Woman EDP 100 ml,Amouage,Honour Woman,EDP,,100 ml,,0,90.00,94.50,,193.95,,290.68,-95.26,65.03,,AMO4506,EU Clean,,0,0
701666320128,Amouage Imitation Woman EDP 100 ml,Amouage,Imitation Woman,EDP,,100 ml,,0,100.50,105.53,,152.95,,290.68,-105.76,20.65,,AMO4517,EU Clean,,0,0
701666315926,Amouage Interlude Man EDP 100 ml,Amouage,Interlude Man,EDP,,100 ml,,0,118.21,124.12,184.95,189.95,,285.58,29.39,33.52,,AMO4511,EU Clean,,0,0
701666111061,Amouage Jubilation 25 Woman EDP 50 ml,Amouage,Jubilation 25 Woman,EDP,,50 ml,,0,78.03,81.93,134.95,139.95,,265.18,28.24,32.37,,AMO4512,EU Clean,,0,0
701666024194,Amouage Library Collection Opus I EDP 100 ml,Amouage,Library Collection Opus I,EDP,,100 ml,,0,99.41,104.38,164.95,174.95,,336.58,31.66,39.92,,AMO4513,EU Clean,,0,0
701666028888,Amouage Library Collection Opus IV EDP 100 ml,Amouage,Library Collection Opus IV,EDP,,100 ml,,0,104.39,109.61,179.95,189.95,,336.58,39.07,47.34,,AMO4514,EU Clean,,0,0
701666262008,Amouage Lilac Love Woman EDP 100 ml,Amouage,Lilac Love Woman,EDP,,100 ml,,0,90.98,95.53,194.95,204.95,,355.40,64.88,73.14,,AMO4507,EU Clean,,0,0
701666313120,Amouage Memoir Woman EDP 100 ml,Amouage,Memoir Woman,EDP,,100 ml,,0,80.00,84.00,,197.95,,295.78,-85.26,78.34,,AMO4501,EU Clean,,0,0
701666311171,Amouage Reflection Woman EDP 100 ml,Amouage,Reflection Woman,EDP,,100 ml,,0,98.12,103.03,164.95,174.95,,280.48,32.95,41.21,,AMO4515,EU Clean,,0,0
3552576200102,Annayake An'na EDP 100 ml,Annayake,An'na,EDP,,100 ml,,0,34.95,36.70,59.95,64.95,,91.70,9.34,13.47,,ANN4105,EU Clean,,0,0
3552575001106,Annayake Love Her EDT 100 ml,Annayake,Love Her,EDT,,100 ml,,0,,0.00,,59.95,,79.90,-5.26,44.29,,ANN4100,EU Clean,,0,0
3552575002004,Annayake Matsuri EDT 100 ml,Annayake,Matsuri,EDT,,100 ml,,0,,0.00,,56.95,,76.99,-5.26,41.81,,ANN4101,EU Clean,,0,0
3552576100105,Annayake Miyabi Man EDT 100 ml,Annayake,Miyabi,EDT,,100 ml,,0,29.95,31.45,53.95,58.95,,81.60,9.38,13.51,,ANN4103,EU Clean,,0,0
3552575000857,Annayake Natsumi EDT 100 ml,Annayake,Natsumi,EDT,,100 ml,,0,31.00,32.55,55.95,60.95,,72.02,9.98,14.12,,ANN4104,EU Clean,,0,0
3552575200103,Annayake Undo EDT 100 ml,Annayake,Undo,EDT,,100 ml,,0,,0.00,,46.95,,66.99,-5.26,33.55,,ANN4102,EU Clean,,0,0
22548006719,Aramis Classic EDT 110 ml,Aramis,Classic,EDT,,110 ml,,0,29.16,30.62,,30.95,,81.95,-34.42,-8.84,,ARA2551,EU Clean,,0,0
22548268117,Aramis Classic Giftset ASL 120 ml + DSP 200 ml ,Aramis,Classic,GIFTSET,ASL,120 ml,ASL + DSP 200 ml ,0,,0.00,,39.95,,86.50,-5.26,27.76,,ARA2552,EU Clean,,0,0
22548323281,Aramis Classic Giftset EDT 60 ml + DSP 200 ml ,Aramis,Classic,GIFTSET,EDT,60 ml,DSP 200 ml,0,,0.00,,32.95,,66.50,-5.26,21.98,,ARA2553,EU Clean,,0,0
22548094044,Aramis Life Aftershave 100 ml,Aramis,Life,ASL,,100 ml,,0,,0.00,,38.95,,119.95,-5.26,26.93,,ARI9800,EU Clean,,0,0
3614271992932,Armani Acqua di Gio Absolu EDP 125 ml,Armani,Acqua di Gio Absolu,EDP,,125 ml,,0,56.00,58.80,94.95,99.95,,117.42,17.21,21.35,,ARM5329,EU Clean,,0,0
3614271992901,Armani Acqua di Gio Absolu EDP 75 ml,Armani,Acqua di Gio Absolu,EDP,,750 ml,,0,48.50,50.93,,80.95,,97.42,-53.76,13.14,,ARM5327,EU Clean,,0,0
3360372058885,Armani Acqua di Gio After Shave Lotion 100 ml,Armani,Acqua di Gio,ASL,,100 ml,,0,31.00,32.55,,58.95,,78.95,-36.26,12.46,,ARM5241,EU Clean,,0,0
3360372062196,Armani Acqua di Gio ASB 100 ml,Armani,Acqua di Gio,ASB,,100 ml,,0,28.52,29.95,52.50,59.95,,68.35,9.61,15.77,,ARM5334,EU Clean,,0,0
3360372062196,Armani Acqua di Gio ASB 100 ml,Armani,Acqua di Gio,ASB,,100 ml,,0,29.95,31.45,52.95,56.95,,69.03,8.55,11.86,,ARM5349,EU Clean,,0,0
3360372058885,Armani Acqua di Gio ASL 100 ml,Armani,Acqua di Gio,ASL,,100 ml,,0,34.50,36.23,58.95,63.95,,69.03,8.96,13.10,,ARM5350,EU Clean,,0,0
3360372058892,Armani Acqua di Gio Deospray 150 ml,Armani,Acqua di Gio,DSP,,150 ml,,0,18.50,19.43,,34.95,,45.03,-23.76,5.13,,ARM5351,EU Clean,,0,0
3360372060734,Armani Acqua di Gio Deostick 75 ml,Armani,Acqua di Gio,DST,,75 ml,,0,15.50,16.28,30.95,32.95,,35.37,4.82,6.48,,ARM5356,EU Clean,,0,0
3360372058878,Armani Acqua di Gio EDT 100 ml,Armani,Acqua di Gio,EDT,,100 ml,,568,41.00,43.05,,67.95,,97.50,-46.26,9.90,,ARM5242,EU Clean,,23288,0
3360372078500,Armani Acqua di Gio EDT 200 ml,Armani,Acqua di Gio,EDT,,200 ml,,0,55.00,57.75,91.95,94.95,,143.06,15.74,18.21,,ARM5299,EU Clean,,0,0
3360372058939,Armani Acqua di Gio EDT 30 ml,Armani,Acqua di Gio,EDT,,30 ml,,0,22.00,23.10,,43.50,,56.50,-27.26,8.69,,ARM5243,EU Clean,,0,0
3360372058861,Armani Acqua di Gio EDT 50 ml,Armani,Acqua di Gio,EDT,,50 ml,,0,29.75,31.24,,49.50,,69.50,-35.01,5.90,,ARM5244,EU Clean,,0,0
3605521419439,Armani Acqua di Gio Essenza EDP 180 ml,Armani,Acqua di Gio Essenza,EDP,,180 ml,,0,,0.00,,127.95,,146.50,-5.26,100.49,,ARM5305,EU Clean,,0,0
3605521530332,Armani Acqua di Gio Essenza EDP 40 ml,Armani,Acqua di Gio Essenza,EDP,,40 ml,,0,28.00,29.40,,52.95,,74.95,-33.26,10.50,,ARM5240,EU Clean,,0,0
3605521419378,Armani Acqua di Gio Essenza EDP 75 ml,Armani,Acqua di Gio Essenza,EDP,,75 ml,,0,,0.00,,69.95,,96.46,-5.26,52.55,,ARM5306,EU Clean,,0,0
3360372054559,Armani Acqua di Gio pour Femme EDT 100 ml,Armani,Acqua di Gio pour Femme,EDT,,100 ml,,0,36.00,37.80,,79.95,,115.95,-41.26,24.82,,ARM5246,EU Clean,,0,0
3360372054153,Armani Acqua di Gio pour Femme EDT 35 ml,Armani,Acqua di Gio pour Femme,EDT,,35 ml,,0,24.00,25.20,,54.95,,66.95,-29.26,16.16,,ARM5247,EU Clean,,0,0
3614270254697,Armani Acqua di Gio Profumo EDP 125 ml,Armani,Acqua di Gio Profumo,EDP,,125 ml,,0,54.07,56.77,94.95,99.95,,117.42,19.14,23.28,,ARM5330,EU Clean,,0,0
3614270157622,Armani Acqua di Gio Profumo EDP 40 ml,Armani,Acqua di Gio Profumo,EDP,,40 ml,,0,30.00,31.50,,52.95,,95.50,-35.26,8.50,,ARM5297,EU Clean,,0,0
3614270157639,Armani Acqua di Gio Profumo EDP 75 ml,Armani,Acqua di Gio Profumo,EDP,,75 ml,,0,40.00,42.00,69.95,79.95,,96.46,12.55,20.82,,ARM5302,EU Clean,,0,0
3605520300172,Armani Acqua di Gio Recharge EDT 100 ml,Armani,Acqua di Gio Recharge,EDT,,100 ml,,0,32.00,33.60,,61.95,,78.95,-37.26,13.94,,ARM5248,EU Clean,,0,0
3360372067214,Armani Acqua di Gio Showergel 200 ml,Armani,Acqua di Gio,SG,,200 ml,,0,14.00,14.70,,32.50,,44.95,-19.26,7.60,,ARM5200,EU Clean,,0,0
3605521739629,Armani Acqua di Gioia Eau Fraîche EDT 100 ml,Armani,Acqua di Gioia Eau Fraîche,EDT,,100 ml,,0,32.00,33.60,,64.95,,84.50,-37.26,16.42,,ARM5249,EU Clean,,0,0
3605521739483,Armani Acqua di Gioia Eau Fraîche EDT 50 ml,Armani,Acqua di Gioia Eau Fraîche,EDT,,50 ml,,0,24.00,25.20,,47.95,,63.50,-29.26,10.37,,ARM5250,EU Clean,,0,0
3605521172525,Armani Acqua di Gioia EDP 100 ml ,Armani,Acqua Di Gioia,EDP,,100 ml,,0,45.00,47.25,,71.50,,94.95,-50.26,8.83,,ARM5251,EU Clean,,0,0
3605521172648,Armani Acqua di Gioia EDP 30 ml,Armani,Acqua Di Gioia,EDP,,30 ml,,0,23.00,24.15,,47.95,,54.95,-28.26,11.37,,ARM5252,EU Clean,,0,0
3605521172587,Armani Acqua di Gioia EDP 50 ml,Armani,Acqua Di Gioia,EDP,,50 ml,,0,28.00,29.40,,57.95,,76.95,-33.26,14.64,,ARM5253,EU Clean,,0,0
3605521475411,Armani Acqua di Gioia Essenza EDP 100 ml,Armani,Acqua di Gioia Essenza,EDP,,100 ml,,0,,0.00,,81.50,,104.95,-5.26,62.10,,ARM5307,EU Clean,,0,0
3605521895424,Armani Acqua di Gioia Giftset EDP 30 ml + BL 75 ml ,Armani,Acqua di Gioia,GIFTSET,EDP,30 ml,BL 75 ml ,0,,0.00,,57.95,,66.95,-5.26,42.64,,ARM5300,EU Clean,,0,0
3614271381392,Armani Air di Gioia EDP 50 ml ,Armani,Air di Gioia,EDP,,50 ml,,0,28.00,29.40,,54.95,,77.53,-33.26,12.16,,ARM5320,EU Clean,,0,0
3605520301544,Armani Attitude EDT 50 ml,Armani,Attitude,EDT,,50 ml,,0,28.00,29.40,,147.95,,169.95,-33.26,89.02,,ARM5254,EU Clean,,0,0
3605520301605,Armani Attitude EDT 75 ml,Armani,Attitude,EDT,,75 ml,,0,38.00,39.90,,139.95,,224.95,-43.26,72.40,,ARM5255,EU Clean,,0,0
3605520964503,Armani Attitude Extreme EDT 75 ml,Armani,Attitude Extreme,EDT,,75 ml,,0,40.00,42.00,,149.95,,239.92,-45.26,78.67,,ARM5256,EU Clean,,0,0
3605522040946,Armani Because It’s You EDP 30 ml,Armani,Because It’s You,EDP,,30 ml,,0,26.00,27.30,,44.95,,58.65,-31.26,5.89,,ARM5323,EU Clean,,0,0
3605522041004,Armani Because It’s You EDP 50 ml,Armani,Because It’s You,EDP,,50 ml,,0,35.00,36.75,,55.95,,78.02,-40.26,5.98,,ARM5324,EU Clean,,0,0
3605522041486,Armani Because It's You EDP 100 ml,Armani,Because It’s You,EDP,,100 ml,,0,40.00,42.00,,74.95,,105.06,-45.26,16.69,,ARM5319,EU Clean,,0,0
3614272095410,Armani Because It's You Giftset EDP 30 ml + BL 75 ml ,Armani,Because It’s You,EDP,,30 ml,,0,29.06,30.51,51.95,59.95,,68.65,8.62,15.23,,ARM5335,EU Clean,,0,0
3614272372597,Armani Because It's You Giftset EDP 30 ml + BL 75 ml ,Armani,Because It’s You,EDP,,30 ml,,0,31.85,33.44,58.95,61.95,,69.83,11.61,14.09,,ARM5346,EU Clean,,0,0
3614272544437,Armani Code Femme Absolu EDP 50 ml,Armani,Code Femme Absolu,EDP,,50 ml,,0,30.00,31.50,64.95,74.95,,101.03,18.42,26.69,,ARM5341,EU Clean,,0,0
3360375004049,Armani Code Femme EDP 30 ml,Armani,Code Femme Absolu,EDP,,30 ml,,0,17.00,17.85,,48.95,,63.95,-22.26,18.20,,ARM5260,EU Clean,,0,0
3360375004056,Armani Code Femme EDP 50 ml,Armani,Code Femme Absolu,EDP,,50 ml,,0,33.00,34.65,77.95,79.95,,86.95,26.17,27.82,,ARM5261,EU Clean,,0,0
3360375010972,Armani Code Femme EDP 75 ml ,Armani,Code Femme Absolu,EDP,,75 ml,,0,51.50,54.08,,69.50,,112.00,-56.76,0.68,,ARM5294,EU Clean,,0,0
3605520292484,Armani Code Femme EDT 50 ml,Armani,Code Femme Absolu,EDT,,50 ml,,0,32.00,33.60,,69.95,,78.50,-37.26,20.55,,ARM5262,EU Clean,,0,0
3605520292545,Armani Code Femme EDT 75 ml,Armani,Code Femme Absolu,EDT,,75 ml,,0,39.00,40.95,,67.95,,104.95,-44.26,11.90,,ARM5263,EU Clean,,0,0
3614272297630,Armani Code Femme Giftset EDP 50 ml + SG 75 ml + BL 75 ml,Armani,Code Femme,EDP,,50 ml,,0,43.95,46.15,77.95,79.95,,106.19,15.22,16.87,,ARM5336,EU Clean,,0,0
3605521414359,Armani Code Femme Giftset EDP 50 ml + SG 75 ml + BL 50 ml ,Armani,Code Femme,EDP,,50 ml,,0,43.50,45.68,,76.50,,119.95,-48.76,14.47,,ARM5293,EU Clean,,0,0
3660732002306,Armani Code Femme Giftset EDP 75 ml + BL 75 ml ,Armani,Code Femme,EDP,,75 ml,,0,49.50,51.98,,81.50,,112.95,-54.76,12.60,,ARM5295,EU Clean,,0,0
3614272407442,Armani Code Homme Absolu EDP 110 ml,Armani,Code Homme Absolu,EDP,,110 ml,,0,55.00,57.75,89.95,99.95,,128.60,14.08,22.35,,ARM5357,EU Clean,,0,0
3614272407435,Armani Code Homme Absolu EDP 60 ml,Armani,Code Homme Absolu,EDP,,60 ml,,0,30.00,31.50,71.95,76.95,,88.59,24.21,28.34,,ARM5343,EU Clean,,0,0
3360372115519,Armani Code Homme ASL 100 ml,Armani,Code Homme,ASL,,100 ml,,0,34.50,36.23,58.95,64.95,,74.96,8.96,13.92,,ARM5358,EU Clean,,0,0
3360372115595,Armani Code Homme Deospray 150 ml,Armani,Code Homme,DSP,,150 ml,,0,18.95,19.90,37.95,39.95,,41.16,7.16,8.81,,ARM5316,EU Clean,,0,0
3360375006432,Armani Code Homme EDT 125 ml,Armani,Code Homme,EDT,,125 ml,,0,45.00,47.25,73.50,75.50,,109.95,10.49,12.14,,ARM5257,EU Clean,,0,0
8718758319320,Armani Code Homme EDT 50 ml ,Armani,Code Homme,EDT,,50 ml,,0,,0.00,64.95,66.95,,72.94,48.42,50.07,,ARM5331,EU Clean,,0,0
3360372100522,Armani Code Homme EDT 75 ml,Armani,Code Homme,EDT,,75 ml,,0,37.50,39.38,,61.95,,85.95,-42.76,8.44,,ARM5258,EU Clean,,0,0
3614272296824,Armani Code Homme Giftset EDT 50 ml + SG 75 ml + ASB 75 ml,Armani,Code Homme,GIFTSET,EDT,50 ml,SG 75 ml + ASB 75 ml,0,33.50,35.18,59.95,66.95,,82.94,10.79,16.57,,ARM5337,EU Clean,,0,0
3614271005007,Armani Code Homme Giftset EDT 50 ml + SG 75 ml + ASB 75 ml ,Armani,Code Homme,GIFTSET,EDT,50 ml,SG 75 ml + ASB 75 ml ,0,36.50,38.33,,61.95,,103.95,-41.76,9.44,,ARM5296,EU Clean,,0,0
3614270581670,Armani Code Homme Profumo EDP 110 ml,Armani,Code Homme,EDP,,110 ml,,0,45.00,47.25,79.95,82.95,,116.15,15.82,18.30,,ARM5304,EU Clean,,0,0
3614270581656,Armani Code Homme Profumo EDP 60 ml,Armani,Code Homme Profumo,EDP,,60 ml,,0,30.00,31.50,64.95,69.95,,85.00,18.42,22.55,,ARM5303,EU Clean,,0,0
3614270288937,Armani Code Homme Shaving Cream 150 ml,Armani,Code Homme,SC,,150 ml,,0,15.00,15.75,,29.95,,34.37,-20.26,4.50,,ARM5325,EU Clean,,0,0
3605521569103,Armani Code Homme Sport Athlete Fraîche EDT 75 ml,Armani,Code Homme Sport Athlete Fraîche,EDT,,75 ml,,0,36.00,37.80,,119.95,,239.95,-41.26,57.88,,ARM5264,EU Clean,,0,0
3605521321602,Armani Code Homme Sport EDT 50 ml,Armani,Code Homme Sport,EDT,,50 ml,,0,28.00,29.40,,57.50,,67.95,-33.26,14.26,,ARM5265,EU Clean,,0,0
3605521322203,Armani Code Homme Sport EDT 75 ml,Armani,Code Homme Sport,EDT,,75 ml,,0,,0.00,,63.95,,84.95,-5.26,47.60,,ARM5309,EU Clean,,0,0
3136664001330,Armani Code Luna Eau Sensuelle EDT 75 ml,Armani,Code Luna Eau Sensuelle,EDT,,75 ml,,0,34.00,35.70,,64.95,,89.95,-39.26,14.42,,ARM5259,EU Clean,,0,0
3605520380310,Armani Diamonds EDP 100 ml,Armani,Diamonds,EDP,,100 ml,,0,30.00,31.50,57.95,59.95,,109.95,12.64,14.29,,ARM5266,EU Clean,,0,0
3605520380198,Armani Diamonds EDP 30 ml,Armani,Diamonds,EDP,,30 ml,,0,15.00,15.75,,42.95,,59.95,-20.26,15.24,,ARM5267,EU Clean,,0,0
3605520380259,Armani Diamonds EDP 50 ml,Armani,Diamonds,EDP,,50 ml,,0,27.00,28.35,56.95,59.95,,84.95,14.81,17.29,,ARM5268,EU Clean,,0,0
3605521000538,Armani Diamonds EDT 50 ml,Armani,Diamonds,EDT,,50 ml,,0,27.00,28.35,,51.95,,69.95,-32.26,10.68,,ARM5269,EU Clean,,0,0
3605520380976,Armani Diamonds for Men EDT 30 ml,Armani,Diamonds for Men,EDT,,30 ml,,0,12.50,13.13,,35.95,,52.95,-17.76,11.95,,ARM5270,EU Clean,,0,0
3605520381034,Armani Diamonds for Men EDT 50 ml,Armani,Diamonds for Men,EDT,,50 ml,,0,26.00,27.30,,51.95,,64.95,-31.26,11.68,,ARM5271,EU Clean,,0,0
3605520381096,Armani Diamonds for Men EDT 75 ml,Armani,Diamonds for Men,EDT,,75 ml,,0,25.00,26.25,47.95,49.95,,83.95,9.37,11.02,,ARM5272,EU Clean,,0,0
3605520888595,Armani Diamonds Intense EDP 50 ml ,Armani,Diamonds Intense,EDP,,50 ml,,0,27.90,29.30,69.95,78.95,,148.49,24.65,32.09,,ARM5326,EU Clean,,0,0
3605521819987,Armani Diamonds Rose EDT 50 ml,Armani,Diamonds Rose,EDT,,50 ml,,1,24.00,25.20,49.95,52.95,,84.95,12.02,14.50,,ARM5339,EU Clean,,24,0
3605521174147,Armani Diamonds Summer EDT 100 ml,Armani,Diamonds Summer ,EDT,,100 ml,,0,,0.00,,62.95,,99.95,-5.26,46.77,,ARM5310,EU Clean,,0,0
3614270284922,Armani Eau de Cedre EDT 100 ml,Armani,Eau de Cedre,EDT,,100 ml,,0,40.00,42.00,87.95,92.95,,110.92,27.43,31.56,,ARM5359,EU Clean,,0,0
3605521695178,Armani Eau de Nuit pour Homme EDT 100 ml,Armani,Eau de Nuit pour Homme,EDT,,100 ml,,0,31.00,32.55,,84.95,,97.95,-36.26,33.95,,ARM5273,EU Clean,,0,0
3605521544353,Armani Eau pour Homme EDT 100 ml,Armani,Eau pour Homme,EDT,,100 ml,,0,,0.00,,74.95,,103.53,-5.26,56.69,,ARM5308,EU Clean,,0,0
3360372061830,Armani He/Lui EDT 100 ml,Armani,He/Lui,EDT,,100 ml,,0,38.00,39.90,,60.95,,94.95,-43.26,7.12,,ARM5274,EU Clean,,0,0
3360372061816,Armani He/Lui EDT 30 ml,Armani,He/Lui,EDT,,30 ml,,0,15.00,15.75,,32.95,,49.95,-20.26,6.98,,ARM5313,EU Clean,,0,0
3360372061823,Armani He/Lui EDT 50 ml,Armani,He/Lui,EDT,,50 ml,,0,29.75,31.24,,48.95,,67.50,-35.01,5.45,,ARM5275,EU Clean,,0,0
3605520996276,Armani He/Lui Limited Edition EDT 50 ml ,Armani,He/Lui Limited Edition,EDT,,50 ml,,0,,0.00,,47.95,,67.50,-5.26,34.37,,ARM5275,EU Clean,,0,0
3605520916342,Armani Idole D'Armani EDP 30 ml,Armani,Idole D'Armani,EDP,,30 ml,,0,35.00,36.75,,82.95,,139.95,-40.26,28.30,,ARM5317,EU Clean,,0,0
3605520916403,Armani Idole D'Armani EDP 50 ml,Armani,Idole D'Armani,EDP,,50 ml,,0,45.00,47.25,,109.95,,174.95,-50.26,40.61,,ARM5276,EU Clean,,0,0
3605520916465,Armani Idole D'Armani EDP 75 ml,Armani,Idole D'Armani,EDP,,75 ml,,0,40.00,42.00,,164.95,,229.95,-45.26,91.07,,ARM5277,EU Clean,,0,0
3605521234285,Armani Idole D'Armani EDT 50 ml,Armani,Idole D'Armani,EDT,,50 ml,,0,40.00,42.00,,91.95,,149.95,-45.26,30.74,,ARM5278,EU Clean,,0,0
3605521234346,Armani Idole D'Armani EDT 75 ml,Armani,Idole D'Armani,EDT,,75 ml,,0,60.00,63.00,,119.95,,211.95,-65.26,33.88,,ARM5279,EU Clean,,0,0
3360372089872,Armani Mania pour Femme EDP 50 ml,Armani,Mania pour Femme,EDP,,50 ml,,0,,0.00,,72.95,,98.95,-5.26,55.03,,ARM5311,EU Clean,,0,0
3360372089896,Armani Mania pour Femme EDP 75 ml,Armani,Mania pour Femme,EDP,,100 ml,,0,,0.00,,99.95,,121.50,-5.26,77.35,,ARM5312,EU Clean,,0,0
3605520839481,Armani Onde Extase EDP 100 ml,Armani,Onde Extase,EDP,,100 ml,,0,40.00,42.00,,109.95,,174.95,-45.26,45.61,,ARM5280,EU Clean,,0,0
3605520839429,Armani Onde Extase EDP 50 ml,Armani,Onde Extase,EDP,,50 ml,,0,30.00,31.50,,86.95,,139.95,-35.26,36.60,,ARM5281,EU Clean,,0,0
3605520840326,Armani Onde Mystère EDP 100 ml,Armani,Onde Mystère,EDP,,100 ml,,0,40.00,42.00,,109.95,,174.95,-45.26,45.61,,ARM5282,EU Clean,,0,0
3605520838644,Armani Onde Vertige EDP 100 ml,Armani,Onde Vertige,EDP,,100 ml,,0,40.00,42.00,,109.95,,174.95,-45.26,45.61,,ARM5283,EU Clean,,0,0
3605520838583,Armani Onde Vertige EDP 50 ml,Armani,Onde Vertige,EDP,,50 ml,,0,30.00,31.50,,64.50,,139.95,-35.26,18.05,,ARM5284,EU Clean,,0,0
3605520262517,Armani Remix for Her EDP 100 ml,Armani,Remix for Her,EDP,,100 ml,,0,34.00,35.70,,69.95,,79.95,-39.26,18.55,,ARM5285,EU Clean,,0,0
3605520262449,Armani Remix for Her EDP 30 ml,Armani,Remix for Her,EDP,,30 ml,,0,19.00,19.95,,42.50,,52.95,-24.26,10.87,,ARM5286,EU Clean,,0,0
3605520262388,Armani Remix for Him EDT 100 ml,Armani,Remix for Him,EDT,,100 ml,,0,34.00,35.70,,63.50,,79.95,-39.26,13.22,,ARM5287,EU Clean,,0,0
3605520262319,Armani Remix for Him EDT 30 ml,Armani,Remix for Him,EDT,,30 ml,,0,19.00,19.95,,41.95,,52.95,-24.26,10.41,,ARM5288,EU Clean,,0,0
3360372061809,Armani She/Elle EDP 100 ml,Armani,She/Elle,EDP,,100 ml,,0,42.00,44.10,67.95,69.95,,104.95,8.90,10.55,,ARM5289,EU Clean,,0,0
3360372061786,Armani She/Elle EDP 30 ml,Armani,She/Elle,EDP,,30 ml,,0,21.50,22.58,,39.50,,66.30,-26.76,5.89,,ARM5298,EU Clean,,0,0
3360372061793,Armani She/Elle EDP 50 ml,Armani,She/Elle,EDP,,50 ml,,0,28.50,29.93,51.95,54.95,,89.95,9.18,11.66,,ARM5338,EU Clean,,0,0
3605521816658,Armani Si EDP 100 ml,Armani,Si,EDP,,100 ml,,0,55.00,57.75,91.95,96.95,,135.11,15.74,19.87,,ARM5318,EU Clean,,0,0
3614270952654,Armani Si EDP 150 ml ,Armani,Si,EDP,,150 ml,,0,65.00,68.25,104.95,114.95,,165.26,16.48,24.74,,ARM5328,EU Clean,,0,0
3605521816511,Armani Si EDP 30 ml,Armani,Si,EDP,,30 ml,,0,30.00,31.50,,58.95,,69.95,-35.26,13.46,,ARM5291,EU Clean,,0,0
3605521816580,Armani Si EDP 50 ml,Armani,Si,EDP,,50 ml,,0,40.00,42.00,68.95,74.95,,96.75,11.73,16.69,,ARM5301,EU Clean,,0,0
3605522035423,Armani Si EDT 100 ml,Armani,Si,EDT,,100 ml,,0,42.00,44.10,74.95,79.95,,120.73,14.69,18.82,,ARM5344,EU Clean,,0,0
3614272508323,Armani Si Fiori EDP 100 ml,Armani,Si Fiori,EDP,,100 ml,,0,53.00,55.65,84.95,94.95,,144.72,11.95,20.21,,ARM5345,EU Clean,,0,0
3614272508224,Armani Si Fiori EDP 50 ml,Armani,Si Fiori,EDP,,50 ml,,0,30.00,31.50,,79.95,,101.87,-35.26,30.82,,ARM5340,EU Clean,,0,0
3614272764897,Armani Si Fiori Giftset EDP 50 ml + SG 75 ml + BL 75 ml,Armani,Si Fiori,GIFTSET,EDP,50 ml,SG 75 ml + BL 75 ml,0,47.50,49.88,78.95,81.95,,112.89,12.49,14.97,,ARM5352,EU Clean,,0,0
3614271535542,Armani Si Giftset EDP 100 ml + EDP 7 ml + BL 75 ml + Tas,Armani,Si,GIFTSET,EDP,100 ml,EDP 7 ml + BL 75 ml + Tas ,0,67.50,70.88,,109.95,,160.18,-72.76,18.11,,ARM5314,EU Clean,,0,0
3614271695208,Armani Si Giftset EDP 50 ml + Mascara 2 ml + Lippenstift 1.5 ml ,Armani,Si,GIFTSET,EDP,50 ml,Mascara 2 ml + Lippenstift 1.5 ml ,0,46.95,49.30,,79.95,,124.05,-52.21,13.87,,ARM5315,EU Clean,,0,0
3614272297685,Armani Si Giftset EDP 50 ml + SG 75 ml + BL 75 ml,Armani,Si,GIFTSET,EDP,50 ml,SG 75 ml + BL 75 ml,0,44.95,47.20,76.95,79.95,,110.75,13.39,15.87,,ARM5333,EU Clean,,0,0
3605522035300,Armani Si Intense EDP 100 ml,Armani,Si Intense,EDP,,100 ml,,0,42.00,44.10,97.95,102.95,,140.18,33.69,37.83,,ARM5321,EU Clean,,0,0
3605522035188,Armani Si Intense EDP 30 ml ,Armani,Si Intense,EDP,,30 ml,,0,35.00,36.75,,56.50,,79.50,-40.26,6.44,,ARM5292,EU Clean,,0,0
3605522035249,Armani Si Intense EDP 50 ml,Armani,Si Intense,EDP,,50 ml,,0,37.00,38.85,64.95,74.95,,110.48,11.42,19.69,,ARM5360,EU Clean,,0,0
3614271994844,Armani Si Passione EDP 100 ml,Armani,Si Passione,EDP,,100 ml,,0,53.00,55.65,84.95,94.95,,144.72,11.95,20.21,,ARM5322,EU Clean,,0,0
3614271994721,Armani Si Passione EDP 30 ml,Armani,Si Passione,EDP,,30 ml,,0,28.00,29.40,49.95,59.95,,73.22,8.02,16.29,,ARM5361,EU Clean,,0,0
3614271994806,Armani Si Passione EDP 50 ml ,Armani,Si Passione,EDP,,50 ml,,0,37.00,38.85,64.95,74.95,,102.88,11.42,19.69,,ARM5362,EU Clean,,0,0
3614272542006,Armani Si Passione Giftset EDP 30 ml + BL 75 ml,Armani,Si Passione,GIFTSET,EDP,30 ml,BL 75 ml,0,33.45,35.12,59.95,64.95,,83.21,10.84,14.97,,ARM5353,EU Clean,,0,0
3614272799691,Armani Si Passione Giftset EDP 50 ml + EDP 7 ml + BL 75 ml,Armani,Si Passione,GIFTSET,EDP,50 ml,EDP 7 ml + BL 75 ml,0,48.50,50.93,79.95,83.95,,112.00,12.32,15.62,,ARM5354,EU Clean,,0,0
3614272635838,Armani Si Passione Red Maestro EDP 100 ml,Armani,Si Passione Red Maestro,EDP,,100 ml,,5,57.00,59.85,92.95,97.95,,154.31,14.56,18.69,,ARM5348,EU Clean,,285,0
3605522040588,Armani Stronger With You EDT 100 ml,Armani,Stronger With You,EDT,,100 ml,,0,42.90,45.05,74.95,77.95,,93.05,13.79,16.27,,ARM5347,EU Clean,,0,0
3614272299320,Armani Stronger With You Giftset EDT 50 ml + SG 75 ml + ASB 75 ml,Armani,Stronger With You,GIFTSET,EDT,50 ml,SG 75 ml + ASB 75 ml,0,32.50,34.13,61.95,64.95,,86.81,13.44,15.92,,ARM5332,EU Clean,,0,0
3605520347931,Armani White for Him RED Edition EDT 100 ml,Armani,White for Him RED Edition,EDT,,100 ml,,0,32.00,33.60,,119.95,,208.95,-37.26,61.88,,ARM5290,EU Clean,,0,0
8002135133075,Atkinsons Amber Empire EDT 100 ml,Atkinsons,Amber Empire,EDT,,100 ml,,0,40.00,42.00,69.95,84.95,,133.94,12.55,24.95,,ATK8522,EU Clean,,0,0
8002135139169,Atkinsons His Majesty The Oud EDP 100 ml,Atkinsons,His Majesty The Oud,EDP,,100 ml,,0,50.00,52.50,,119.95,,190.00,-55.26,43.88,,ATK8521,EU Clean,,0,0
8002135116955,Atkinsons The Nupital Bouquet EDT 100 ml,Atkinsons,The Nupital Bouquet,EDT,,100 ml,,1,40.00,42.00,84.95,89.95,,133.94,24.95,29.08,,ATK8523,EU Clean,,40,0
3351500920037,Azzaro Chrome EDT 100 ml ,Azzaro,Chrome,EDT,,100 ml,,0,22.95,24.10,49.95,59.95,,89.79,13.07,21.34,,AZZ9466,EU Clean,,0,0
3351500920068,Azzaro Chrome EDT 200 ml,Azzaro,Chrome,EDT,,200 ml,,0,33.00,34.65,,53.95,,102.50,-38.26,6.33,,AZZ9459,EU Clean,,0,0
3351500959686,Azzaro Chrome Giftset EDT 100 ml + 75 g DST,Azzaro,Chrome,GIFTSET,EDT,100 ml,DST 75 g  (gram??),0,29.50,30.98,,54.95,,89.95,-34.76,10.66,,AZZ9458,EU Clean,,0,0
3351500952724,Azzaro Now Men EDT 80 ml ,Azzaro,Now Men,EDT,,80 ml,,0,13.00,13.65,,27.95,,68.80,-18.26,4.84,,AZZ9463,EU Clean,,0,0
3351500980406,Azzaro pour Homme EDT 100 ml,Azzaro,pour Homme,EDT,,100 ml,,0,19.00,19.95,,36.95,,74.95,-24.26,6.28,,AZZ9460,EU Clean,,0,0
3351500980086,Azzaro pour Homme EDT 200 ml,Azzaro,pour Homme,EDT,,200 ml,,0,31.00,32.55,,54.50,,115.60,-36.26,8.79,,AZZ9461,EU Clean,,0,0
3351500992669,Azzaro pour Homme Giftset EDT 100 ml + DSP 150 ml ,Azzaro,pour Homme,GIFTSET,EDT,100 ml,DSP 150 ml,0,28.00,29.40,,47.95,,91.30,-33.26,6.37,,AZZ9462,EU Clean,,0,0
3351500956012,Azzaro Visit for Women EDP 50 ml,Azzaro,Visit for Women,EDP,,50 ml,,0,,0.00,,39.95,,67.80,-5.26,27.76,,AZZ9464,EU Clean,,0,0
3351500002696,Azzaro Wanted EDT 50 ml,Azzaro,Wanted,EDT,,50 ml,,0,17.00,17.85,40.95,42.95,,71.22,11.59,13.24,,AZZ9467,EU Clean,,0,0
3351500003037,Azzaro Wanted Giftset EDT 50 ml + DST 75 ml ,Azzaro,Wanted,GIFTSET,EDT,50 ml,DST 75 ml,0,30.95,32.50,,56.95,,81.22,-36.21,10.86,,AZZ9465,EU Clean,,0,0
737052076911,Baldessarini Ambré EDT 50 ml,Baldessarini,Ambré,EDT,,50 ml,,0,18.00,18.90,,35.95,,59.80,-23.26,6.45,,BLD4178,EU Clean,,0,0
4011700906017,Baldessarini Ambré EDT 90 ml,Baldessarini,Ambré,EDT,,90 ml,,0,23.50,24.68,43.95,44.95,,72.50,7.57,8.39,,BLD4174,EU Clean,,0,0
4011700906208,Baldessarini Ambre Oud EDP 90 ml,Baldessarini,Ambré Oud,EDP,,90 ml,,0,26.50,27.83,46.95,49.95,,84.70,7.05,9.52,,BLD4179,EU Clean,,0,0
4011700902019,Baldessarini Baldessarini Concentree EDC 75 ml,Baldessarini,Baldessarini Concentree,EDC,,75 ml,,0,23.50,24.68,,37.95,,79.95,-28.76,2.61,,BLD4100,EU Clean,,0,0
4011700902699,Baldessarini Black EDT 75 ml,Baldessarini,Black,EDT,,75 ml,,0,20.00,21.00,39.95,44.95,,64.70,7.76,11.89,,BLD4181,EU Clean,,0,0
4011700919017,Baldessarini Cool Force EDT 50 ml,Baldessarini,Cool Force,EDT,,50 ml,,1,24.90,26.15,,36.95,,56.16,-30.16,0.38,,BLD4180,EU Clean,,24.9,0
4011700919178,Baldessarini Cool Force Sport EDT 90 ml ,Baldessarini,Cool Force Sport,EDT,,90 ml,,4,20.00,21.00,,,,,-25.26,-25.26,,,EU Clean,,80,0
737052449456,Baldessarini Del Mar EDT 50 ml,Baldessarini,Del Mar,EDT,,50 ml,,0,16.20,17.01,,30.95,,59.95,-21.46,4.12,,BLD4175,EU Clean,,0,0
4011700904013,Baldessarini Del Mar EDT 90 ml,Baldessarini,Del Mar,EDT,,90 ml,,0,19.50,20.48,,35.95,,77.95,-24.76,4.95,,BLD4176,EU Clean,,0,0
737052152189,Baldessarini Del Mar Marbella Edition EDT 50 ml,Baldessarini,Del Mar Marbella Edition,EDT,,50 ml,,0,15.12,15.88,,30.95,,54.95,-20.38,5.20,,BLD4177,EU Clean,,0,0
4011700920013,Baldessarini Nautic Spirit  EDT 90 ml,Baldessarini,Nautic Spirit,EDT,,90 ml,,3,17.00,17.85,,,,,-22.26,-22.26,,,EU Clean,,51,0
3614222809265,Balenciaga B Intense EDP 30 ml,Balenciaga, B Intense,EDP,,30 ml,,5,12.00,12.60,34.95,39.95,,57.96,11.63,15.76,,BAL2501,EU Clean,,60,0
3607342021358,Balenciaga Paris EDP 30 ml,Balenciaga,Paris,EDP,,30 ml,,16,26.00,27.30,46.95,51.95,,81.00,7.55,11.68,,BAL2502,EU Clean,,416,0
3607342023062,Balenciaga Paris EDP 50 ml,Balenciaga,Paris,EDP,,50 ml,,0,,0.00,,61.95,,88.95,-5.26,45.94,,BAL2500,EU Clean,,0,0
7640111508243,Bentley for Men Absolute EDP 100 ml ,Bentley,Absolute,EDP,,100 ml,,3,25.00,26.25,,,,,-30.26,-30.26,,,EU Clean,,75,0
7640163970012,Bentley Infinite EDT 100 ml,Bentley,Infinite,EDT,,100 ml,,0,17.00,17.85,36.95,39.95,,62.50,8.28,10.76,,BEN5601,EU Clean,,0,0
7640163970029,Bentley Infinite Intense EDP 100 ml ,Bentley,Infinite Intense,EDP,,100 ml,,0,20.00,21.00,38.95,44.95,,67.50,6.93,11.89,,BEN5602,EU Clean,,0,0
7640163971286,Bentley Infinite Rush EDT 60 ml,Bentley,Infinite Rush,EDT,,60 ml,,3,12.00,12.60,29.95,34.95,,44.50,7.50,11.63,,BEN5603,EU Clean,,36,0
7640171190327,Bentley Momentum EDT 100 ml,Bentley,Momentum,EDT,,100 ml,,1,19.00,19.95,38.95,43.95,,62.50,7.93,12.07,,BEN5604,EU Clean,,19,0
7640171191140,Bentley Momentum Unlimited EDT 100 ml,Bentley,Momentum Unlimited,EDT,,100 ml,,0,20.00,21.00,38.95,39.95,,60.50,6.93,7.76,,BEN5605,EU Clean,,0,0
7640171191140,Bentley Momentum Unlimited EDT 100 ml ,Bentley,Momentum Unlimited,EDT,,100 ml,,3,20.00,21.00,,,,,-25.26,-25.26,,,EU Clean,,60,0
4011700362141,Betty Barclay Beautiful Eden EDP 20 ml,Betty Barclay,Beautiful Eden,EDP,,20 ml,,0,6.20,6.51,19.95,22.95,,24.52,5.03,7.51,,BET4501,EU Clean,,0,0
4011700362158,Betty Barclay Beautiful Eden EDT 50 ml,Betty Barclay,Beautiful Eden,EDT,,50 ml,,0,8.50,8.93,24.95,28.95,,33.49,6.86,10.17,,BET4502,EU Clean,,0,0
4011700364282,Betty Barclay Bohemian Romance EDP 20 ml,Betty Barclay,Bohemian Romance,EDP,,20 ml,,0,6.20,6.51,19.95,22.95,,24.52,5.03,7.51,,BET4503,EU Clean,,0,0
4011700364305,Betty Barclay Bohemian Romance EDT 50 ml,Betty Barclay,Bohemian Romance,EDT,,50 ml,,0,8.50,8.93,24.95,28.95,,33.49,6.86,10.17,,BET4504,EU Clean,,0,0
4011700337460,Betty Barclay Pure Pastel Peach EDP 20 ml,Betty Barclay,Pure Pastel Peach,EDP,,20 ml,,1,6.20,6.51,19.95,22.95,,24.52,5.03,7.51,,BET4505,EU Clean,,6.2,0
4011700337477,Betty Barclay Pure Pastel Peach EDT 20 ml,Betty Barclay,Pure Pastel Peach,EDT,,20 ml,,1,5.20,5.46,17.95,20.95,,22.52,4.38,6.86,,BET4506,EU Clean,,5.2,0
4011700337422,Betty Barclay Pure Pastel Rose EDP 20 ml,Betty Barclay,Pure Pastel Rose,EDP,,20 ml,,1,6.20,6.51,19.95,22.95,,24.52,5.03,7.51,,BET4507,EU Clean,,6.2,0
4011700337439,Betty Barclay Pure Pastel Rose EDT 20 ml,Betty Barclay,Pure Pastel Rose,EDT,,20 ml,,2,5.20,5.46,17.95,20.95,,22.52,4.38,6.86,,BET4508,EU Clean,,10.4,0
3607344343892,Beyoncé Heat EDP 100 ml,Beyoncé,Heat,EDP,,100 ml,,0,,0.00,,22.95,,50.50,-5.26,13.71,,BEY6300,EU Clean,,0,0
3607340302565,Beyoncé Heat Rush EDT 100 ml,Beyoncé,Heat Rush,EDT,,100 ml,,0,,0.00,,19.95,,50.50,-5.26,11.23,,BEY6301,EU Clean,,0,0
3607346189726,Beyoncé Midnight Heat EDP 30 ml,Beyoncé,Midnight Heat,EDP,,30 ml,,0,,0.00,,20.95,,26.66,-5.26,12.06,,BEY6302,EU Clean,,0,0
3607344972962,Beyoncé Pulse EDP 50 ml,Beyoncé,Beyoncé Pulse,EDP,,50 ml,,0,,0.00,,39.95,,50.50,-5.26,27.76,,BEY6303,EU Clean,,0,0
3607348700844,Beyoncé Pulse NYC EDP 50 ml,Beyoncé,Pulse NYC,EDP,,50 ml,,0,,0.00,,28.95,,50.50,-5.26,18.67,,BEY6304,EU Clean,,0,0
3367729202403,Biotherm Eau D'Énergie EDT 100 ml,Biotherm,D'Énergie,EDT,,100 ml,,0,9.75,10.24,,33.95,,47.27,-15.01,13.05,,BIO2203,EU Clean,,0,0
3614272491007,Biotherm Eau Fusion EDT 100 ml,Biotherm,Eau Fusion,EDT,,100 ml,,0,23.50,24.68,44.95,46.95,,48.88,8.39,10.05,,BIO2205,EU Clean,,0,0
3614271640826,Biotherm Eau Relax EDT 100 ml,Biotherm,Eau Relax,EDT,,100 ml,,0,9.75,10.24,,33.95,,47.27,-15.01,13.05,,BIO2204,EU Clean,,0,0
3367729571097,Biotherm Eau Vitaminée EDT 100 ml,Biotherm,Eau Vitaminée,EDT,,100 ml,,0,9.75,10.24,,34.95,,47.27,-15.01,13.88,,BIO2201,EU Clean,,0,0
3614270274671,Biotherm L'Eau EDT 100 ml,Biotherm,L'Eau,EDT,,100 ml,,0,9.75,10.24,,34.95,,47.27,-15.01,13.88,,BIO2202,EU Clean,,0,0
3614223750535,Bottega Veneta Eau de Velours EDP 50 ml,Bottega Veneta,Eau de Velours,EDP,,50 ml,,0,27.00,28.35,64.95,69.95,,99.96,21.42,25.55,,BOT5206,EU Clean,,0,0
3614222442875,Bottega Veneta Eau Sensuelle EDP 50 ml,Bottega Veneta,Eau Sensuelle,EDP,,50 ml,,0,18.00,18.90,,74.95,,90.68,-23.26,38.69,,BOT5204,EU Clean,,0,0
3614222443049,Bottega Veneta Eau Sensuelle EDP 75 ml,Bottega Veneta,Eau Sensuelle,EDP,,75 ml,,0,30.00,31.50,,94.95,,111.08,-35.26,43.21,,BOT5205,EU Clean,,0,0
3607343871754,Bottega Veneta Essence Aromatique pour Homme EDC 50 ml ,Bottega Veneta,Essence Aromatique pour Homme,EDC,,50 ml,,0,28.00,29.40,,44.95,,56.11,-33.26,3.89,,BOT5201,EU Clean,,0,0
3607343866743,Bottega Veneta Giftset EDP 50 ml + BL 100 ml,Bottega Veneta,Veneta ,EDP,,50 ml,,0,38.00,39.90,,68.95,,98.01,-43.26,13.73,,BOT5202,EU Clean,,0,0
3614224152109,Bottega Veneta Giftset EDP 50 ml + BL 100 ml,Bottega Veneta,Veneta ,EDP,,50 ml,,0,38.00,39.90,,68.95,,98.01,-43.26,13.73,,BOT5203,EU Clean,,0,0
3607343827768,Bottega Veneta Knot Eau Florale EDP 30 ml,Bottega Veneta,Eau Florale,EDP,,30 ml,,0,15.00,15.75,34.95,41.95,,68.69,8.63,14.41,,BOT5207,EU Clean,,0,0
3607343589178,Bottega Veneta pour Homme EDT 200 ml,Bottega Veneta,Veneta pour Homme,EDT,,200 ml,,0,45.00,47.25,94.95,99.95,,135.30,28.21,32.35,,BOT5208,EU Clean,,0,0
3386460036351,Boucheron Femme EDP 100 ml,Boucheron,Femme,EDP,,100 ml,,0,33.50,35.18,,57.95,,99.95,-38.76,9.14,,BOU9813,EU Clean,,0,0
3577580001163,Boucheron Femme EDP 50 ml,Boucheron,Femme,EDP,,50 ml,,0,,0.00,,29.95,,74.90,-5.26,19.50,,BOU9824,EU Clean,,0,0
3386460036757,Boucheron Femme EDT 100 ml,Boucheron,Femme,EDT,,100 ml,,0,26.50,27.83,,43.95,,89.95,-31.76,4.57,,BOU9814,EU Clean,,0,0
3386460080194,Boucheron Iris de Syracuse EDP 125 ml,Boucheron,Iris de Syracuse,EDP,,125 ml,,0,30.00,31.50,124.95,129.95,,190.00,68.01,72.14,,BOU9826,EU Clean,,0,0
3386460036467,Boucheron Jaïpur Bracelet EDP 100 ml,Boucheron,Jaïpur Bracelet,EDP,,100 ml,,0,22.00,23.10,,38.95,,93.85,-27.26,4.93,,BOU9825,EU Clean,,0,0
3386460036528,Boucheron Jaïpur Homme EDP 100 ml,Boucheron,Jaïpur Homme,EDP,,100 ml,,0,31.00,32.55,,49.50,,93.50,-36.26,4.65,,BOU9823,EU Clean,,0,0
3386460036504,Boucheron Jaïpur Homme EDT 100 ml,Boucheron,Jaïpur Homme,EDT,,100 ml,,0,25.75,27.04,,42.50,,77.95,-31.01,4.12,,BOU9816,EU Clean,,0,0
3577580603046,Boucheron Jaïpur Homme EDT 50 ml,Boucheron,Jaïpur Homme,EDT,,50 ml,,0,19.44,20.41,,37.50,,52.95,-24.70,6.30,,BOU9817,EU Clean,,0,0
3577586000047,Boucheron Jaïpur Homme Fraîcheur Limited Edition EDT 100 ml,Boucheron,Jaïpur Homme Fraîcheur Limited Edition,EDT,,100 ml,,0,21.60,22.68,,44.50,,65.95,-26.86,9.92,,BOU9818,EU Clean,,0,0
3577588000052,Boucheron Miss Boucheron EDP 100 ml,Boucheron,Miss Boucheron,EDP,,100 ml,,2,21.50,22.58,39.95,44.95,,107.95,6.26,10.39,,BOU9819,EU Clean,,43,0
3386460080224,Boucheron Neroli EDP 125 ml,Boucheron,Neroli,EDP,,125 ml,,3,59.81,62.80,,,,,-65.07,-65.07,,,EU Clean,,179.43,0
3577580202089,Boucheron pour Homme EDP 100 ml,Boucheron,pour Homme,EDP,,100 ml,,0,30.00,31.50,,45.95,,89.95,-35.26,2.72,,BOU9820,EU Clean,,0,0
3386460036405,Boucheron pour Homme EDT 100 ml,Boucheron,pour Homme,EDT,,100 ml,,0,16.00,16.80,33.95,39.95,,79.95,6.80,11.76,,BOU9821,EU Clean,,0,0
3577582000041,Boucheron pour Homme Fraîcheur Limited Edition EDT 100 ml,Boucheron,pour Homme Fraîcheur Limited Edition,EDT,,100 ml,,0,26.00,27.30,,51.50,,79.95,-31.26,11.31,,BOU9822,EU Clean,,0,0
3386460087056,Boucheron Quatre Absolu de Nuit EDP 100 ml,Boucheron,Quatre Absolu de Nuit,EDP,,100 ml,,6,22.00,23.10,,,,,-27.26,-27.26,,,EU Clean,,132,0
3386460087056,Boucheron Quatre Absolu de Nuit Femme EDP 100 ml,Boucheron,Quatre Absolu de Nuit Femme,EDP,,100 ml,,0,25.00,26.25,50.95,56.95,,106.85,11.85,16.81,,BOU9830,EU Clean,,0,0
3386460106191,Boucheron Quatre Absolu de Nuit Giftset EDP 100 ml + BL 100 ml + SG 100 ml,Boucheron,Quatre Absolu de Nuit,EDP,,100 ml,,1,26.00,27.30,47.95,52.95,,106.85,8.37,12.50,,BOU9831,EU Clean,,26,0
3386460066075,Boucheron Quatre EDP 100 ml,Boucheron,Quatre,EDP,,100 ml,,0,26.90,28.25,49.95,56.95,,95.89,9.12,14.91,,BOU9827,EU Clean,,0,0
3386460066075,Boucheron Quatre EDP 100 ml ,Boucheron,Quatre,EDP,,100 ml,,14,26.50,27.83,,,,,-31.76,-31.76,,,EU Clean,,371,0
3386460087117,Boucheron Quatre pour Homme Absolu de Nuit EDP 100 ml  ,Boucheron,Quatre pour Homme Absolu de Nuit,EDP,,100 ml,,0,22.00,23.10,41.95,47.95,,92.42,7.41,12.37,,BOU9832,EU Clean,,0,0
3386460066136,Boucheron Quatre pour Homme EDT 100 ml ,Boucheron,Quatre pour Homme,EDT,,100 ml,,0,22.00,23.10,40.95,46.95,,82.42,6.59,11.55,,BOU9828,EU Clean,,0,0
3386460097024,Boucheron Quatre pour Homme Giftset EDT 100 ml + ASB 100 ml + SG 100 ml,Boucheron,Quatre pour Homme,EDT,,100 ml,,0,26.00,27.30,48.95,51.95,,92.42,9.20,11.68,,BOU9829,EU Clean,,0,0
719346094665,Britney Spears Midnight Fantasy EDP 100 ml,Britney Spears,Midnight Fantasy,EDP,,100 ml,,0,19.44,20.41,,29.95,,67.95,-24.70,0.06,,BRI2541,EU Clean,,0,0
719346155618,Britney Spears Midnight Fantasy EDP 15 ml,Britney Spears,Midnight Fantasy,EDP,,15 ml,,0,3.90,4.10,,14.95,,29.95,-9.16,3.20,,BRI2542,EU Clean,,0,0
4082800160159,Bruno Banani About Men EDT 50 ml,Bruno Banani,About Men,EDT,,50 ml,,0,,0.00,,17.95,,24.87,-5.26,9.58,,BRU8464,EU Clean,,0,0
737052599663,Bruno Banani Dangerous Man Deospray 150 ml,Bruno Banani,Dangerous Man,DSP,,150 ml,,0,2.87,3.01,,11.95,,24.48,-8.13,1.75,,BRU8470,EU Clean,,0,0
737052508641,Bruno Banani Dangerous Man EDT 30 ml,Bruno Banani,Dangerous Man,EDT,,30 ml,,0,10.00,10.50,,19.50,,23.95,-15.26,0.86,,BRU8455,EU Clean,,0,0
737052508689,Bruno Banani Dangerous Man EDT 50 ml ,Bruno Banani,Dangerous Man,EDT,,50 ml,,1,6.90,7.25,19.50,22.50,,27.33,3.96,6.44,,BRU8482,EU Clean,,6.9,0
737052508726,Bruno Banani Dangerous Man EDT 75 ml,Bruno Banani,Dangerous Man,EDT,,75 ml,,0,,0.00,,26.95,,34.95,-5.26,17.02,,BRU8465,EU Clean,,0,0
737052591681,Bruno Banani Dangerous Woman EDT 100 ml,Bruno Banani,Dangerous Woman,EDT,,100 ml,,0,,0.00,,32.95,,41.90,-5.26,21.98,,BRU8466,EU Clean,,0,0
737052591643,Bruno Banani Dangerous Woman EDT 60 ml ,Bruno Banani,Dangerous Woman,EDT,,60 ml,,0,12.50,13.13,,26.95,,34.95,-17.76,4.52,,BRU8459,EU Clean,,0,0
737052880679,Bruno Banani Dangerous Woman Giftset EDT 20 ml + SG 50 ml,Bruno Banani,Dangerous Woman,EDT,,20 ml,,0,6.50,6.83,18.95,21.95,,28.93,3.90,6.38,,BRU8477,EU Clean,,0,0
3614226778864,Bruno Banani Dortmund BVB EDT 50 ml,Bruno Banani,Dortmund BVB,EDT,,50 ml,,0,7.25,7.61,19.95,22.95,,29.95,3.98,6.46,,BRU8471,EU Clean,,0,0
737052599618,Bruno Banani Made for Men Deospray 150 ml,Bruno Banani,Made for Men,DSP,,150 ml,,0,2.87,3.01,,11.95,,24.48,-8.13,1.75,,BRU8473,EU Clean,,0,0
737052274621,Bruno Banani Made for Men EDT 30 ml,Bruno Banani,Made for Men,EDT,,30 ml,,0,10.00,10.50,,19.50,,23.95,-15.26,0.86,,BRU8456,EU Clean,,0,0
737052274669,Bruno Banani Made for Men EDT 50 ml,Bruno Banani,Made for Men,EDT,,50 ml,,0,10.00,10.50,,21.95,,29.95,-15.26,2.88,,BRU8463,EU Clean,,0,0
737052274683,Bruno Banani Made for Men EDT 75 ml,Bruno Banani,Made for Men,EDT,,75 ml,,0,11.00,11.55,,24.95,,34.95,-16.26,4.36,,BRU8460,EU Clean,,0,0
737052385914,Bruno Banani Made for Women EDP 40 ml,Bruno Banani,Made for Women,EDP,,40 ml,,0,8.50,8.93,21.95,23.95,,37.23,4.38,6.04,,BRU8472,EU Clean,,0,0
737052386003,Bruno Banani Made for Women EDT 40 ml,Bruno Banani,Made for Women,EDT,,40 ml,,0,,0.00,,18.95,,30.23,-5.26,10.40,,BRU8467,EU Clean,,0,0
737052386041,Bruno Banani Made for Women EDT 60 ml ,Bruno Banani,Made for Women,EDT,,60 ml,,0,12.50,13.13,,22.95,,34.95,-17.76,1.21,,BRU8461,EU Clean,,0,0
8005610326931,Bruno Banani Magic Man EDT 30 ml,Bruno Banani,Magic Man,EDT,,30 ml,,0,5.84,6.13,,15.95,,24.35,-11.10,2.09,,BRU8480,EU Clean,,0,0
8005610326962,Bruno Banani Magic Man EDT 50 ml,Bruno Banani,Magic Man,EDT,,50 ml,,0,9.00,9.45,21.50,24.95,,29.22,3.51,6.36,,BRU8474,EU Clean,,0,0
737052119854,Bruno Banani Magic Man EDT 75 ml,Bruno Banani,Magic Man,EDT,,75 ml,,0,12.00,12.60,,22.95,,34.95,-17.26,1.71,,BRU8462,EU Clean,,0,0
737052215983,Bruno Banani Magic Woman EDT 20 ml,Bruno Banani,Magic Woman,EDT,,20 ml,,0,5.25,5.51,,16.50,,18.39,-10.51,3.13,,BRU8479,EU Clean,,0,0
4004711119309,Bruno Banani Man Deostick 75 ml,Bruno Banani,Man,DST,,75 ml,,38,5.80,6.09,,11.95,,24.48,-11.06,-1.18,,BRU8478,EU Clean,,220.4,0
4004711113703,Bruno Banani Man EDT 50 ml,Bruno Banani,Man,EDT,,50 ml,,0,12.00,12.60,,24.95,,29.95,-17.26,3.36,,BRU8457,EU Clean,,0,0
4082800351304,Bruno Banani Pure Man EDT 30 ml,Bruno Banani,Pure Man,EDT,,30 ml,,0,10.00,10.50,,23.95,,26.95,-15.26,4.54,,BRU8458,EU Clean,,0,0
730870139097,Bruno Banani Pure Man EDT 50 ml,Bruno Banani,Pure Man,EDT,,50 ml,,0,6.50,6.83,,17.95,,29.22,-11.76,3.08,,BRU8476,EU Clean,,0,0
737052056913,Bruno Banani Pure Woman EDT 40 ml,Bruno Banani,Pure Woman,EDT,,40 ml,,0,,0.00,,15.95,,24.87,-5.26,7.93,,BRU8468,EU Clean,,0,0
737052885278,Bruno Banani Woman EDP 40 ml,Bruno Banani,Woman,EDP,,40 ml,,0,9.95,10.45,23.50,24.50,,32.82,4.22,5.04,,BRU8475,EU Clean,,0,0
737052903606,Bruno Banani Woman EDT 20 ml,Bruno Banani,Woman,EDT,,20 ml,,0,4.90,5.15,,16.95,,23.12,-10.16,3.85,,BRU8481,EU Clean,,0,0
737052885131,Bruno Banani Woman EDT 40 ml,Bruno Banani,Woman,EDT,,40 ml,,0,7.90,8.30,20.95,22.95,,34.13,4.16,5.81,,BRU8483,EU Clean,,0,0
737052885131,Bruno Banani Woman EDT 40 ml,Bruno Banani,Woman,EDT,,40 ml,,4,7.90,8.30,,,,,-13.16,-13.16,,,EU Clean,,31.6,0
737052880969,Bruno Banani Woman Giftset EDT 20 ml + SG 50 ml,Bruno Banani,Woman,EDT,,20 ml,,0,5.95,6.25,18.95,20.95,,24.93,4.45,6.11,,BRU8469,EU Clean,,0,0
3014230021039,Brut Brut EDT 100 ml,Brut,Brut ,EDT,,100 ml,,0,,0.00,,11.95,,26.95,-5.26,4.62,,BRT3200,EU Clean,,0,0
5045358591140,Burberry Body EDP 35 ml,Burberry,Body,EDP,,35 ml,,0,12.00,12.60,27.95,29.95,,65.10,5.84,7.50,,BUR8813,EU Clean,,0,0
5045352419150,Burberry Body EDP 60 ml,Burberry,Body,EDP,,60 ml,,0,22.00,23.10,,42.50,,76.00,-27.26,7.87,,BUR8790,EU Clean,,0,0
5045352419129,Burberry Body EDP 85 ml,Burberry,Body,EDP,,85 ml,,0,23.00,24.15,,42.95,,100.00,-28.26,7.24,,BUR8791,EU Clean,,0,0
3386460045421,Burberry Body EDT 35 ml,Burberry,Body,EDT,,35 ml,,0,12.00,12.60,27.95,29.95,,55.10,5.84,7.50,,BUR8798,EU Clean,,0,0
3386460044202,Burberry Body Giftset EDP 60 ml + Bodylotion 35 ml ,Burberry,Body,EDP,,60 ml,,0,,0.00,,47.50,,86.00,-5.26,34.00,,BUR8795,EU Clean,,0,0
3386460038089,Burberry Body Giftset EDP 85 ml + Bodylotion 85 ml ,Burberry,Body,EDP,,85 ml,,0,,0.00,,49.95,,109.00,-5.26,36.02,,BUR8796,EU Clean,,0,0
5045352410393,Burberry Body Intense EDP 60 ml,Burberry,Body Intense,EDP,,60 ml,,0,15.00,15.75,,27.95,,87.74,-20.26,2.84,,BUR8799,EU Clean,,0,0
3386460035606,Burberry Body Intense EDP 85 ml,Burberry,Body Intense,EDP,,85 ml,,0,,0.00,,49.95,,119.36,-5.26,36.02,,BUR8800,EU Clean,,0,0
5045418236974,Burberry Body Tender EDT 3 x 15 ml,Burberry,Body Tender ,EDT,,3 x 15 ml,,0,16.50,17.33,,32.95,,76.95,-21.76,5.48,,BUR8784,EU Clean,,0,0
5045377630653,Burberry Body Tender EDT 35 ml ,Burberry,Body Tender,EDT,,35 ml,,0,18.00,18.90,,30.95,,61.20,-23.26,2.32,,BUR8793,EU Clean,,0,0
5045377630622,Burberry Body Tender EDT 60 ml,Burberry,Body Tender,EDT,,60 ml,,0,13.00,13.65,,29.50,,68.00,-18.26,6.12,,BUR8783,EU Clean,,0,0
5045377630592,Burberry Body Tender EDT 85 ml,Burberry,Body Tender,EDT,,85 ml,,0,21.00,22.05,39.95,44.95,,89.01,6.76,10.89,,BUR8741,EU Clean,,0,0
5045377630592,Burberry Body Tender EDT 85 ml,Burberry,Body Tender,EDT,,85 ml,,6,21.00,22.05,,,,,-26.26,-26.26,,,EU Clean,,126,0
3386463021842,Burberry Brit Bodylotion 150 ml,Burberry,Brit,BL,,150 ml,,0,14.00,14.70,,31.00,,36.95,-19.26,6.36,,BUR8742,EU Clean,,0,0
3136664019168,Burberry Brit EDP 100 ml,Burberry,Brit,EDP,,100 ml,,0,26.50,27.83,,54.95,,87.95,-31.76,13.66,,BUR8743,EU Clean,,0,0
3136664019175,Burberry Brit EDP 50 ml,Burberry,Brit,EDP,,50 ml,,0,21.00,22.05,,51.95,,63.95,-26.26,16.68,,BUR8792,EU Clean,,0,0
5045411327044,Burberry Brit EDT 100 ml,Burberry,Brit,EDT,,100 ml,,0,28.50,29.93,47.50,47.95,,76.95,5.50,5.87,,BUR8744,EU Clean,,0,0
3386463021804,Burberry Brit EDT 30 ml,Burberry,Brit,EDT,,30 ml,,0,18.00,18.90,,24.95,,42.50,-23.26,-2.64,,BUR8745,EU Clean,,0,0
5045252667941,Burberry Brit EDT 50 ml,Burberry,Brit,EDT,,50 ml,,0,16.00,16.80,,28.50,,53.95,-21.26,2.30,,BUR8746,EU Clean,,0,0
5045252668009,Burberry Brit for Men EDT 100 ml ,Burberry,Brit for Men,EDT,,100 ml,,0,19.00,19.95,37.95,40.95,,74.95,7.11,9.59,,BUR8747,EU Clean,,0,0
3386463023631,Burberry Brit for Men EDT 30 ml,Burberry,Brit for Men,EDT,,30 ml,,0,17.00,17.85,,21.95,,42.50,-22.26,-4.12,,BUR8748,EU Clean,,0,0
5045252668030,Burberry Brit for Men EDT 50 ml,Burberry,Brit for Men,EDT,,50 ml,,0,17.00,17.85,,32.95,,54.95,-22.26,4.98,,BUR8749,EU Clean,,0,0
3386460045315,Burberry Brit for Men Summer Edition EDT 100 ml,Burberry,Brit for Men Summer Edition,EDT,,100 ml,,0,15.00,15.75,,49.95,,72.50,-20.26,21.02,,BUR8750,EU Clean,,0,0
3386460026314,Burberry Brit Limited Edition EDP 100 ml,Burberry,Brit Limited Edition,EDP,,100 ml,,0,30.00,31.50,,39.95,,94.95,-35.26,-2.24,,BUR8751,EU Clean,,0,0
3386460026338,Burberry Brit Limited Edition for Men EDT 100 ml,Burberry,Brit Limited Edition for Men,EDT,,100 ml,,0,,0.00,,39.95,,82.95,-5.26,27.76,,BUR8801,EU Clean,,0,0
3386463025345,Burberry Brit Red EDP 50 ml,Burberry,Brit Red,EDP,,50 ml,,0,,0.00,,89.95,,112.50,-5.26,69.08,,BUR8802,EU Clean,,0,0
5045415436940,Burberry Brit Rhythm EDT 50 ml,Burberry,Brit Rhythm,EDT,,50 ml,,0,13.00,13.65,,23.95,,59.95,-18.26,1.54,,BUR8804,EU Clean,,0,0
5045415436919,Burberry Brit Rhythm EDT 90 ml,Burberry,Brit Rhythm,EDT,,90 ml,,0,17.00,17.85,,31.95,,83.79,-22.26,4.15,,BUR8803,EU Clean,,0,0
5045410636437,Burberry Brit Rhythm for Men EDT 90 ml,Burberry,Rhythm for Men,EDT,,90 ml,,0,,0.00,,38.95,,79.79,-5.26,26.93,,BUR8797,EU Clean,,0,0
5045454003417,Burberry Brit Rhythm for Men Intense EDT 50 ml,Burberry,Rhythm for Men Intense,EDT,,50 ml,,3,17.00,17.85,,,,,-22.26,-22.26,,,EU Clean,,51,0
5045252667392,Burberry for Men EDT 100 ml ,Burberry,Brit for Men,EDT,,100 ml,,0,23.50,24.68,,36.95,,74.95,-28.76,1.78,,BUR8781,EU Clean,,0,0
3136664002153,Burberry for Men EDT 30 ml,Burberry,Brit for Men,EDT,,30 ml,,0,12.00,12.60,,24.95,,37.95,-17.26,3.36,,BUR8752,EU Clean,,0,0
3386460080026,Burberry for Men EDT 50 ml ,Burberry,Brit for Men,EDT,,50 ml,,0,19.50,20.48,,29.95,,54.95,-24.76,0.00,,BUR8782,EU Clean,,0,0
3614226905789,Burberry for Men EDT 50 ml ,Burberry,Brit for Men,EDT,,50 ml,,6,13.00,13.65,,,,,-18.26,-18.26,,,EU Clean,,78,0
3386460090018,Burberry for Women EDP 100 ml,Burberry,Brit for Women,EDP,,100 ml,,0,19.00,19.95,39.95,44.95,,79.95,8.76,12.89,,BUR8789,EU Clean,,0,0
3386460090032,Burberry for Women EDP 30 ml ,Burberry,Brit for Women,EDP,,30 ml,,0,17.00,17.85,,24.95,,58.50,-22.26,-1.64,,BUR8794,EU Clean,,0,0
3614227693876,Burberry Her EDP 100 ml,Burberry,Her,EDP,,100 ml,,0,30.00,31.50,,91.95,,122.37,-35.26,40.74,,BUR8812,EU Clean,,0,0
3386463038888,Burberry London EDP 100 ml,Burberry,London,EDP,,100 ml,,0,26.50,27.83,,40.95,,89.95,-31.76,2.09,,BUR8754,EU Clean,,0,0
3614226905185,Burberry London EDP 100 ml ,Burberry,London,EDP,,100 ml,,12,27.00,28.35,,,,,-32.26,-32.26,,,EU Clean,,324,0
3386463038901,Burberry London EDP 30 ml,Burberry,London,EDP,,30 ml,,0,18.00,18.90,,27.50,,64.95,-23.26,-0.53,,BUR8755,EU Clean,,0,0
3386463038895,Burberry London EDP 50 ml,Burberry,London,EDP,,50 ml,,0,21.95,23.05,40.50,41.50,,44.95,6.26,7.09,,BUR8756,EU Clean,,0,0
3386463039625,Burberry London for Men EDT 100 ml,Burberry,London for Men,EDT,,100 ml,,0,22.00,23.10,,38.95,,72.50,-27.26,4.93,,BUR8757,EU Clean,,0,0
3614226905215,Burberry London for Men EDT 100 ml ,Burberry,London for Men,EDT,,100 ml,,12,26.00,27.30,,,,,-31.26,-31.26,,,EU Clean,,312,0
3386463039649,Burberry London for Men EDT 30 ml,Burberry,London for Men,EDT,,30 ml,,0,18.00,18.90,,27.50,,42.50,-23.26,-0.53,,BUR8758,EU Clean,,0,0
3386463039632,Burberry London for Men EDT 50 ml,Burberry,London for Men,EDT,,50 ml,,0,19.00,19.95,,34.50,,54.00,-24.26,4.26,,BUR8759,EU Clean,,0,0
5045497416274,Burberry Mr Burberry EDP 150 ml,Burberry,Mr Burberry,EDP,,150 ml,,0,34.00,35.70,,66.95,,121.39,-39.26,16.07,,BUR8807,EU Clean,,0,0
5045456747685,Burberry Mr Burberry EDT 100 ml,Burberry,Mr Burberry,EDT,,100 ml,,0,24.90,26.15,46.95,51.95,,89.78,8.65,12.78,,BUR8809,EU Clean,,0,0
5045456773318,Burberry Mr Burberry EDT 150 ml,Burberry,Mr Burberry,EDT,,150 ml,,1,29.90,31.40,52.95,57.95,,109.30,8.60,12.74,,BUR8816,EU Clean,,29.9,0
5045456773318,Burberry Mr Burberry EDT 150 ml,Burberry,Mr Burberry,EDT,,150 ml,,4,29.90,31.40,,,,,-35.16,-35.16,,,EU Clean,,119.6,0
5045456747654,Burberry Mr Burberry EDT 50 ml ,Burberry,Mr Burberry,EDT,,50 ml,,0,28.00,29.40,,36.95,,65.30,-33.26,-2.72,,BUR8808,EU Clean,,0,0
5045499485797,Burberry Mr Burberry Giftset EDP 50 ml + EDP 7.5 ml,Burberry,Mr Burberry,EDP,,50 ml,,0,28.95,30.40,51.95,54.95,,84.18,8.73,11.21,,BUR8814,EU Clean,,0,0
5045497481715,Burberry Mr Burberry Giftset EDT 100 ml + Deostick 75 g ,Burberry,Mr Burberry,EDT,,100 ml,,0,30.00,31.50,,57.95,,106.00,-35.26,12.64,,BUR8806,EU Clean,,0,0
5045491010843,Burberry Mr Burberry Giftset EDT 50 ml + Showergel 75 ml ,Burberry,Mr Burberry,EDT,,50 ml,,0,33.00,34.65,,54.50,,86.00,-38.26,6.79,,BUR8785,EU Clean,,0,0
5045551783670,Burberry Mr Burberry Indigo EDT 50 ml,Burberry,Mr Burberry,EDT,,50 ml,,0,25.00,26.25,,44.95,,75.30,-30.26,6.89,,BUR8811,EU Clean,,0,0
3614227703414,Burberry Mr Burberry Indigo Giftset EDT 100 ml + EDT 30 ml,Burberry,Mr Burberry,EDT,,100 ml,,8,29.00,30.45,,,,,-34.26,-34.26,,,EU Clean,,232,0
5045493329011,Burberry My Burberry Black EDP 90 ml,Burberry,My Burberry Black,EDP,,90 ml,,0,30.00,31.50,67.95,72.95,,126.49,20.90,25.03,,BUR8805,EU Clean,,0,0
5045498902158,Burberry My Burberry Blush EDP 50 ml,Burberry,My Burberry Blush,EDP,,50 ml,,0,25.00,26.25,54.95,59.95,,89.78,15.16,19.29,,BUR8810,EU Clean,,0,0
5045419039628,Burberry My Burberry EDP 50 ml ,Burberry,My Burberry,EDP,,50 ml,,0,25.00,26.25,,53.95,,86.00,-30.26,14.33,,BUR8787,EU Clean,,0,0
5045419039611,Burberry My Burberry EDP 90 ml ,Burberry,My Burberry,EDP,,90 ml,,0,42.00,44.10,,71.95,,122.00,-47.26,12.21,,BUR8788,EU Clean,,0,0
5045497638805,Burberry My Burberry Giftset EDP 50 ml + BL 75 ml ,Burberry,My Burberry,EDP,,50 ml,,0,28.00,29.40,51.95,57.95,,99.19,9.68,14.64,,BUR8815,EU Clean,,0,0
3386460018647,Burberry Sport for Men EDT 50 ml,Burberry,Sport for Men,EDT,,50 ml,,0,18.00,18.90,,39.95,,54.00,-23.26,9.76,,BUR8760,EU Clean,,0,0
3386460018630,Burberry Sport for Men EDT 75 ml,Burberry,Sport for Men,EDT,,75 ml,,0,22.00,23.10,,44.95,,72.50,-27.26,9.89,,BUR8761,EU Clean,,0,0
3386460018494,Burberry Sport for Women EDT 50 ml,Burberry,Sport for Women,EDT,,50 ml,,0,18.00,18.90,,37.00,,54.95,-23.26,7.32,,BUR8762,EU Clean,,0,0
3386460018487,Burberry Sport for Women EDT 75 ml,Burberry,Sport for Women,EDT,,75 ml,,0,22.00,23.10,,39.95,,81.95,-27.26,5.76,,BUR8763,EU Clean,,0,0
3386460006972,Burberry The Beat EDP 50 ml,Burberry,The Beat,EDP,,50 ml,,0,23.50,24.68,,36.95,,62.50,-28.76,1.78,,BUR8764,EU Clean,,0,0
3386460006965,Burberry The Beat EDP 75 ml,Burberry,The Beat,EDP,,75 ml,,0,26.50,27.83,,41.95,,77.95,-31.76,2.91,,BUR8765,EU Clean,,0,0
3386460016520,Burberry The Beat EDT 75 ml,Burberry,The Beat,EDT,,75 ml,,0,25.92,27.22,,48.50,,54.95,-31.18,8.91,,BUR8766,EU Clean,,0,0
3386460013611,Burberry The Beat for Men EDT 100 ml,Burberry,The Beat for Men,EDT,,100 ml,,0,24.00,25.20,,31.95,,76.95,-29.26,-2.85,,BUR8767,EU Clean,,0,0
3386460013628,Burberry The Beat for Men EDT 50 ml,Burberry,The Beat for Men,EDT,,50 ml,,0,18.50,19.43,,24.95,,55.95,-23.76,-3.14,,BUR8768,EU Clean,,0,0
3386460007016,Burberry The Beat Showergel 150 ml,Burberry,The Beat,SG,,150 ml,,0,12.00,12.60,,29.95,,42.95,-17.26,7.50,,BUR8769,EU Clean,,0,0
3386463710203,Burberry Touch EDP 100 ml,Burberry,Touch,EDP,,100 ml,,0,26.00,27.30,,41.95,,82.95,-31.26,3.41,,BUR8772,EU Clean,,0,0
3614226905000,Burberry Touch EDP 100 ml ,Burberry,Touch,EDP,,100 ml,,32,19.00,19.95,,,,,-24.26,-24.26,,,EU Clean,,608,0
3386463710227,Burberry Touch EDP 30 ml,Burberry,Touch,EDP,,30 ml,,0,12.96,13.61,,27.50,,44.95,-18.22,4.51,,BUR8771,EU Clean,,0,0
3136664019304,Burberry Touch EDP 50 ml ,Burberry,Touch,EDP,,50 ml,,14,13.50,14.18,,,,,-18.76,-18.76,,,EU Clean,,189,0
3136664019304,Burberry Touch EDP 50 ml ,Burberry,Touch,EDP,,50 ml,,16,14.87,15.61,,,,,-20.13,-20.13,,,EU Clean,,237.92,0
5045252648988,Burberry Touch for Men EDT 100 ml,Burberry,Touch for Men,EDT,,100 ml,,0,26.50,27.83,,38.95,,81.50,-31.76,0.43,,BUR8786,EU Clean,,0,0
5045252648988,Burberry Touch for Men EDT 100 ml  ,Burberry,Touch for Men,EDT,,100 ml,,2,21.00,22.05,,,,,-26.26,-26.26,,,EU Clean,,42,0
3386463810323,Burberry Touch for Men EDT 30 ml,Burberry,Touch for Men,EDT,,30 ml,,0,14.00,14.70,,30.95,,39.95,-19.26,6.32,,BUR8770,EU Clean,,0,0
3386463302750,Burberry Weekend Bodylotion 200 ml,Burberry,Weekend,BL,,200 ml,,0,12.00,12.60,,25.95,,32.50,-17.26,4.19,,BUR8776,EU Clean,,0,0
3386463302705,Burberry Weekend Deospray 150 ml,Burberry,Weekend,DSP,,150 ml,,0,12.00,12.60,,25.95,,35.95,-17.26,4.19,,BUR8777,EU Clean,,0,0
3614226905284,Burberry Weekend EDP 100 ml,Burberry,Weekend,EDP,,100 ml,,8,18.00,18.90,,,,,-23.26,-23.26,,,EU Clean,,144,0
5045252667484,Burberry Weekend EDP 100 ml ,Burberry,Weekend,EDP,,100 ml,,18,25.00,26.25,44.95,46.95,,,6.89,8.55,,BUR8778,EU Clean,,450,0
3386463302743,Burberry Weekend EDP 30 ml,Burberry,Weekend,EDP,,30 ml,,0,15.00,15.75,,20.95,,42.95,-20.26,-2.94,,BUR8779,EU Clean,,0,0
3614227748323,Burberry Weekend EDP 50 ml,Burberry,Weekend,EDP,,50 ml,,2,13.00,13.65,,,,,-18.26,-18.26,,,EU Clean,,26,0
3386463402818,Burberry Weekend for Men EDT 100 ml,Burberry,Weekend for Men,EDT,,100 ml,,0,20.52,21.55,,27.95,,64.95,-25.78,-2.68,,BUR8773,EU Clean,,0,0
3614227748446,Burberry Weekend for Men EDT 100 ml ,Burberry,Weekend for Men,EDT,,100 ml,,4,17.00,17.85,,,,,-22.26,-22.26,,,EU Clean,,68,0
3386463402832,Burberry Weekend for Men EDT 30 ml,Burberry,Weekend for Men,EDT,,30 ml,,0,15.00,15.75,,19.95,,39.95,-20.26,-3.77,,BUR8774,EU Clean,,0,0
3386463402825,Burberry Weekend for Men EDT 50 ml,Burberry,Weekend for Men,EDT,,50 ml,,0,14.04,14.74,,32.95,,47.95,-19.30,7.94,,BUR8775,EU Clean,,0,0
3386463302767,Burberry Weekend Showergel 200 ml,Burberry,Weekend,SG,,200 ml,,0,12.00,12.60,,24.95,,33.95,-17.26,3.36,,BUR8780,EU Clean,,0,0
783320911538,Bvlgari Aqva Amara EDT 100 ml ,Bvlgari,Aqva Amara,EDT,,100 ml,,0,29.50,30.98,59.95,64.95,,94.00,14.79,18.92,,BLV4548,EU Clean,,0,0
783320913068,Bvlgari Aqva Atlantiqve pour Homme EDT 30 ml ,Bvlgari,Aqva Atlantiqve pour Homme,EDT,,30 ml,,0,18.00,18.90,36.95,42.95,,58.70,7.28,12.24,,BLV4585,EU Clean,,0,0
783320913068,Bvlgari Aqva Atlantiqve pour Homme EDT 30 ml ,Bvlgari,Aqva Atlantiqve pour Homme,EDT,,30 ml,,2,19.90,20.90,,,,,-25.16,-25.16,,,EU Clean,,39.8,0
783320913037,Bvlgari Aqva Atlantiqve pour Homme EDT 50 ml,Bvlgari,Aqva Atlantiqve pour Homme,EDT,,50 ml,,0,21.90,23.00,45.95,52.95,,72.10,10.82,16.60,,BLV4586,EU Clean,,0,0
783320482007,Bvlgari Aqva Divina EDT 25 ml,Bvlgari,Aqva Divina,EDT,,25 ml,,0,16.50,17.33,,29.95,,47.47,-21.76,3.00,,BLV4557,EU Clean,,0,0
783320482106,Bvlgari Aqva Divina EDT 40 ml,Bvlgari,Aqva Divina,EDT,,40 ml,,0,15.00,15.75,,30.95,,70.39,-20.26,5.32,,BLV4570,EU Clean,,0,0
783320482502,Bvlgari Aqva Divina EDT 65 ml,Bvlgari,Aqva Divina,EDT,,65 ml,,1,22.00,23.10,41.95,47.95,,86.86,7.41,12.37,,BLV4561,EU Clean,,22,0
783320913525,Bvlgari Aqva Marine pour Homme EDT 100 ml,Bvlgari,Aqva Marine pour Homme,EDT,,100 ml,,0,27.50,28.88,,47.95,,91.00,-32.76,6.87,,BLV4549,EU Clean,,0,0
783320913563,Bvlgari Aqva Marine pour Homme EDT 150 ml,Bvlgari,Aqva Marine pour Homme,EDT,,150 ml,,0,36.75,38.59,,66.50,,107.00,-42.01,12.95,,BLV4550,EU Clean,,0,0
783320911521,Bvlgari Aqva pour Homme EDT 100 ml,Bvlgari,Aqva pour Homme,EDT,,100 ml,,0,,0.00,,44.95,,94.87,-5.26,31.89,,BLV4563,EU Clean,,0,0
783320911224,Bvlgari Aqva pour Homme EDT 30 ml,Bvlgari,Aqva pour Homme,EDT,,30 ml,,0,17.50,18.38,35.95,39.95,,58.70,6.95,10.26,,BLV4587,EU Clean,,0,0
788320911026,Bvlgari Aqva pour Homme EDT 50 ml,Bvlgari,Aqva pour Homme,EDT,,50 ml,,0,22.00,23.10,,37.50,,85.95,-27.26,3.74,,BLV4536,EU Clean,,0,0
783320977213,Bvlgari Aqva pour Homme Giftset EDT 100 ml + DST 75 ml ,Bvlgari,Aqva pour Homme,EDT,,100 ml,,6,39.06,41.01,65.95,69.95,,107.85,10.19,13.49,,BLV4593,EU Clean,,234.36,0
783320803611,Bvlgari Aqva pour Homme Giftset EDT 100 ml + Showergel 75 ml + Toilettas ,Bvlgari,Aqva pour Homme,EDT,,100 ml,,0,,0.00,,59.95,,98.95,-5.26,44.29,,BLV4552,EU Clean,,0,0
783320851025,Bvlgari Black EDT 75 ml,Bvlgari,Black,EDT,,75 ml,,0,,0.00,,40.95,,89.00,-5.26,28.59,,BLV4564,EU Clean,,0,0
783320872150,Bvlgari BLV EDP 40 ml,Bvlgari,BLV,EDP,,40 ml,,0,16.20,17.01,,42.95,,62.50,-21.46,14.04,,BLV4516,EU Clean,,0,0
783320872556,Bvlgari BLV EDP 75 ml,Bvlgari,BLV,EDP,,75 ml,,0,30.00,31.50,,59.95,,83.95,-35.26,14.29,,BLV4517,EU Clean,,0,0
783320942006,Bvlgari BLV II EDP 30 ml,Bvlgari,BLV II,EDP,,30 ml,,0,,0.00,,29.95,,58.95,-5.26,19.50,,BLV4565,EU Clean,,0,0
783320942037,Bvlgari BLV II EDP 50 ml,Bvlgari,BLV II,EDP,,50 ml,,0,21.60,22.68,,43.95,,79.95,-26.86,9.47,,BLV4514,EU Clean,,0,0
783320942068,Bvlgari BLV II EDP 75 ml,Bvlgari,BLV II,EDP,,75 ml,,0,30.24,31.75,,30.95,,99.95,-35.50,-9.92,,BLV4515,EU Clean,,0,0
783320881589,Bvlgari BLV pour Homme EDT 100 ml,Bvlgari,BLV pour Homme,EDT,,100 ml,,0,25.92,27.22,,49.95,,85.95,-31.18,10.10,,BLV4518,EU Clean,,0,0
783320881060,Bvlgari BLV pour Homme EDT 50 ml,Bvlgari,BLV pour Homme,EDT,,50 ml,,0,17.28,18.14,,39.95,,63.95,-22.54,10.48,,BLV4519,EU Clean,,0,0
783320472503,Bvlgari Eau Parfumée au Thé Blanc EDC 75 ml,Bvlgari,Eau Parfumée au Thé Blanc,EDC,,75 ml,,0,28.00,29.40,,59.95,,82.61,-33.26,16.29,,BLV4575,EU Clean,,0,0
783320931529,Bvlgari Eau Parfumée au Thé Rouge EDC 100 ml,Bvlgari,Eau Parfumée au Thé Rouge,EDC,,100 ml,,0,26.00,27.30,,53.50,,62.95,-31.26,12.96,,BLV4520,EU Clean,,0,0
783320931024,Bvlgari Eau Parfumée au Thé Rouge EDC 50 ml,Bvlgari,Eau Parfumée au Thé Rouge,EDC,,50 ml,,0,20.00,21.00,,39.95,,52.95,-25.26,7.76,,BLV4521,EU Clean,,0,0
783320471506,Bvlgari Eau Parfumée au Thé Vert EDC 75 ml,Bvlgari,Eau Parfumée au Thé Vert,EDC,,75 ml,,0,28.00,29.40,,53.95,,81.61,-33.26,11.33,,BLV4573,EU Clean,,0,0
783320502002,Bvlgari Goldea EDP 25 ml,Bvlgari,Goldea ,EDP,,25 ml,,0,28.00,29.40,,34.95,,53.05,-33.26,-4.37,,BLV4576,EU Clean,,0,0
783320502101,Bvlgari Goldea EDP 50 ml,Bvlgari,Goldea ,EDP,,50 ml,,0,28.00,29.40,,53.95,,99.97,-33.26,11.33,,BLV4577,EU Clean,,0,0
783320502507,Bvlgari Goldea EDP 90 ml,Bvlgari,Goldea ,EDP,,90 ml,,4,36.00,37.80,61.95,65.95,,135.00,9.94,13.25,,BLV4542,EU Clean,,144,0
783320479151,Bvlgari Goldea The Roman Night Sensuelle EDP 75 ml,Bvlgari,Goldea The Roman Night Sensuelle,EDP,,75 ml,,0,34.00,35.70,64.95,69.95,,110.16,14.42,18.55,,BLV4578,EU Clean,,0,0
783320459412,Bvlgari Goldea The Roman Night Sensuelle Giftset EDP 75 ml + SG 75 ml + BL 75 ml + Toilettas,Bvlgari,Goldea The Roman Night Sensuelle,GIFTSET,EDP,75 ml,SG 75 ml + BL 75 ml + Toilettas,0,37.00,38.85,64.95,68.95,,125.16,11.42,14.73,,BLV4588,EU Clean,,0,0
783320822711,Bvlgari Jasmin Noir EDP 100 ml,Bvlgari,Jasmin Noir,EDP,,100 ml,,0,42.50,44.63,,72.50,,125.00,-47.76,12.16,,BLV4538,EU Clean,,0,0
783320491115,Bvlgari Jasmin Noir EDP 100 ml + EDP 15 ml + Toilettas,Bvlgari,Jasmin Noir,GIFTSET,EDP,100 ml,EDP 15 ml + Toilettas,0,49.69,52.17,89.95,104.95,,135.00,19.39,31.79,,BLV4580,EU Clean,,0,0
783320822704,Bvlgari Jasmin Noir EDP 50 ml,Bvlgari,Jasmin Noir,EDP,,50 ml,,0,23.76,24.95,,53.95,,84.95,-29.02,15.57,,BLV4522,EU Clean,,0,0
783320822926,Bvlgari Jasmin Noir EDT 50 ml,Bvlgari,Jasmin Noir,EDT,,50 ml,,0,30.00,31.50,53.95,58.95,,87.85,9.33,13.46,,BLV4584,EU Clean,,0,0
783320824197,Bvlgari Jasmin Noir Giftset EDP 30 ml + EDP 10 ml ,Bvlgari,Jasmin Noir,GIFTSET,EDP,30 ml,EDP 10 ml ,0,,0.00,,49.95,,64.90,-5.26,36.02,,BLV4553,EU Clean,,0,0
783320461231,Bvlgari Le Gemme Noorah EDP 30 ml ,Bvlgari,Le Gemme Noorah,EDP,,30 ml,,2,52.43,55.05,,,,,-57.69,-57.69,,,EU Clean,,104.86,0
783320468438,Bvlgari Le Gemme Nylaia EDP 100 ml ,Bvlgari,Le Gemme Nylaia,EDP,,100 ml,,2,89.00,93.45,234.95,274.95,,385.29,99.92,132.98,,BLV4594,EU Clean,,178,0
783320468414,Bvlgari Le Gemme Veridia EDP 100 ml ,Bvlgari,Le Gemme Veridia,EDP,,100 ml,,2,89.00,93.45,234.95,274.95,,385.29,99.92,132.98,,BLV4595,EU Clean,,178,0
783320971525,Bvlgari Man EDT 100 ml,Bvlgari,Man ,EDT,,100 ml,,0,,0.00,,52.95,,97.93,-5.26,38.50,,BLV4566,EU Clean,,0,0
783320971624,Bvlgari Man EDT 150 ml ,Bvlgari,Man ,EDT,,150 ml,,0,34.50,36.23,,57.50,,112.00,-39.76,7.76,,BLV4546,EU Clean,,0,0
783320971228,Bvlgari Man EDT 30 ml,Bvlgari,Man ,EDT,,30 ml,,0,17.00,17.85,,33.95,,56.11,-22.26,5.80,,BLV4574,EU Clean,,0,0
783320971020,Bvlgari Man EDT 60 ml,Bvlgari,Man ,EDT,,60 ml,,0,20.00,21.00,,43.95,,63.95,-25.26,11.07,,BLV4523,EU Clean,,0,0
783320971556,Bvlgari Man Extreme EDT 100 ml ,Bvlgari,Man Extreme,EDT,,100 ml,,0,35.00,36.75,,58.50,,97.93,-40.26,8.09,,BLV4571,EU Clean,,0,0
783320971051,Bvlgari Man Extreme EDT 60 ml,Bvlgari,Man Extreme,EDT,,60 ml,,0,25.00,26.25,,42.95,,72.43,-30.26,5.24,,BLV4572,EU Clean,,0,0
783320806247,Bvlgari Man Giftset EDT 100 ml + EDT 15 ml ,Bvlgari,Man ,EDT,,100 ml,,0,36.00,37.80,,64.95,,97.80,-41.26,12.42,,BLV4539,EU Clean,,0,0
783320975691,Bvlgari Man In Black Deostick 75 ml,Bvlgari,Man In Black,DST,,75 ml,,0,29.90,31.40,,26.95,,31.62,-35.16,-12.88,,BLV4562,EU Clean,,0,0
783320971563,Bvlgari Man In Black EDP 100 ml,Bvlgari,Man In Black,EDP,,100 ml,,0,35.50,37.28,,61.95,,99.00,-40.76,10.44,,BLV4545,EU Clean,,0,0
783320971266,Bvlgari Man In Black EDP 30 ml,Bvlgari,Man In Black,EDP,,30 ml,,0,19.00,19.95,,38.95,,56.00,-24.26,7.93,,BLV4551,EU Clean,,0,0
783320490149,Bvlgari Man In Black Giftset EDP 100 ml + Aftershave Balm 75 ml + Showergel 75 ml ,Bvlgari,Man In Black,GIFTSET,EDP,100 ml,ASB 75 ml + SG 75 ml,0,35.90,37.70,,62.95,,119.90,-41.16,10.87,,BLV4558,EU Clean,,0,0
783320490712,Bvlgari Man In Black Giftset EDP 60 ml + Aftershave Balm 40 ml + Showergel 40 ml ,Bvlgari,Man In Black,GIFTSET,EDP,60 ml,ASB 40 ml + SG 40 ml ,0,31.00,32.55,,61.50,,99.00,-36.26,14.57,,BLV4541,EU Clean,,0,0
783320971549,Bvlgari Man The Silver Limited Edition EDT 100 ml,Bvlgari,Man The Silver Limited Edition,EDT,,100 ml,,7,29.45,30.92,52.95,54.95,,111.97,9.05,10.71,,BLV4583,EU Clean,,206.15,0
783320402012,Bvlgari Mon Jasmin Noir EDP 25 ml,Bvlgari,Jasmin Noir,EDP,,25 ml,,0,18.50,19.43,,37.95,,61.90,-23.76,7.61,,BLV4555,EU Clean,,0,0
783320402111,Bvlgari Mon Jasmin Noir EDP 50 ml   ,Bvlgari,Jasmin Noir,EDP,,50 ml,,0,29.50,30.98,,51.50,,84.00,-34.76,7.81,,BLV4543,EU Clean,,0,0
783320402517,Bvlgari Mon Jasmin Noir EDP 75 ml,Bvlgari,Jasmin Noir,EDP,,75 ml,,0,,0.00,,57.95,,107.11,-5.26,42.64,,BLV4567,EU Clean,,0,0
783320804960,Bvlgari Mon Jasmin Noir Giftset EDP 50 ml + EDP 15 ml + Bodylotion 40 ml ,Bvlgari,Jasmin Noir,GIFTSET,EDP,50 ml, EDP 15 ml + BL 40 ml,0,31.50,33.08,,63.95,,114.80,-36.76,16.10,,BLV4540,EU Clean,,0,0
783320402524,Bvlgari Mon Jasmin Noir L'Eau Exquise EDT 75 ml,Bvlgari,Jasmin Noir L'Eau Exquise,EDT,,75 ml,,0,32.90,34.55,64.95,74.95,,150.06,15.52,23.79,,BLV4589,EU Clean,,0,0
783320952111,Bvlgari Omnia Amethyste EDT 40 ml ,Bvlgari,Omnia Amethyste,EDT,,40 ml,,0,20.00,21.00,,39.50,,66.50,-25.26,7.39,,BLV4537,EU Clean,,0,0
783320952517,Bvlgari Omnia Amethyste EDT 65 ml,Bvlgari,Omnia Amethyste,EDT,,65 ml,,0,27.75,29.14,,41.50,,76.95,-33.01,1.29,,BLV4524,EU Clean,,0,0
783320442506,Bvlgari Omnia Coral EDT 65 ml  ,Bvlgari,Omnia Coral,EDT,,65 ml,,0,28.00,29.40,,51.95,,81.81,-33.26,9.68,,BLV4556,EU Clean,,0,0
783320804472,Bvlgari Omnia Coral Giftset EDT 65 ml + EDT 15 ml ,Bvlgari,,EDT,,65 ml,,0,,0.00,,67.50,,87.85,-5.26,50.53,,BLV4554,EU Clean,,0,0
783320922176,Bvlgari Omnia Crystalline EDP 40 ml,Bvlgari,Omnia Crystalline,EDP,,40 ml,,0,17.50,18.38,,41.95,,76.50,-22.76,11.91,,BLV4569,EU Clean,,0,0
783320922572,Bvlgari Omnia Crystalline EDP 65 ml,Bvlgari,Omnia Crystalline,EDP,,65 ml,,0,31.95,33.55,,55.50,,89.00,-37.21,8.66,,BLV4547,EU Clean,,0,0
783320922169,Bvlgari Omnia Crystalline EDT 40 ml,Bvlgari,Omnia Crystalline,EDT,,40 ml,,0,22.00,23.10,40.95,43.95,,66.66,6.59,9.07,,BLV4560,EU Clean,,0,0
783320922565,Bvlgari Omnia Crystalline EDT 65 ml,Bvlgari,Omnia Crystalline,EDT,,65 ml,,0,28.50,29.93,,46.95,,79.00,-33.76,5.05,,BLV4544,EU Clean,,0,0
783320892110,Bvlgari Omnia EDP 40 ml,Bvlgari,Omnia,EDP,,40 ml,,0,17.28,18.14,,49.95,,67.95,-22.54,18.74,,BLV4525,EU Clean,,0,0
783320892516,Bvlgari Omnia EDP 65 ml,Bvlgari,Omnia,EDP,,65 ml,,0,34.00,35.70,60.95,69.95,,96.53,11.12,18.55,,BLV4526,EU Clean,,0,0
783320962110,Bvlgari Omnia Green Jade EDT 40 ml,Bvlgari,Omnia Green Jade,EDT,,40 ml,,0,22.00,23.10,,50.95,,62.00,-27.26,14.85,,BLV4527,EU Clean,,0,0
783320962516,Bvlgari Omnia Green Jade EDT 65 ml,Bvlgari,Omnia Green Jade,EDT,,65 ml,,0,28.00,29.40,,124.95,,169.95,-33.26,70.01,,BLV4528,EU Clean,,0,0
783320829413,Bvlgari Omnia Pink Sapphire EDT 65 ml,Bvlgari,Omnia Pink Sapphire,EDT,,65 ml,,0,29.95,31.45,53.95,58.95,,87.53,9.38,13.51,,BLV4590,EU Clean,,0,0
783320402593,Bvlgari pour Femme EDP 100 ml,Bvlgari,pour Femme,EDP,,100 ml,,0,,0.00,,65.95,,108.80,-5.26,49.25,,BLV4568,EU Clean,,0,0
783320822490,Bvlgari pour Femme EDP 50 ml,Bvlgari,pour Femme,EDP,,50 ml,,0,21.60,22.68,,45.95,,84.00,-26.86,11.12,,BLV4529,EU Clean,,0,0
783320822391,Bvlgari pour Femme EDT 100 ml,Bvlgari,pour Femme,EDT,,100 ml,,0,27.00,28.35,,61.95,,98.00,-32.26,18.94,,BLV4530,EU Clean,,0,0
783320831096,Bvlgari pour Homme EDT 50 ml,Bvlgari,pour Homme,EDT,,50 ml,,0,18.00,18.90,,38.95,,63.00,-23.26,8.93,,BLV4531,EU Clean,,0,0
783320831560,Bvlgari pour Homme Soir EDT 100 ml,Bvlgari,pour Homme Soir,EDT,,100 ml,,0,25.92,27.22,,54.95,,85.00,-31.18,14.24,,BLV4532,EU Clean,,0,0
783320831065,Bvlgari pour Homme Soir EDT 50 ml,Bvlgari,pour Homme Soir,EDT,,50 ml,,0,19.44,20.41,,39.50,,63.00,-24.70,7.95,,BLV4533,EU Clean,,0,0
783320822414,Bvlgari Rose Essentiëlle EDP 100 ml,Bvlgari,Rose Essentiëlle,EDP,,100 ml,,0,32.40,34.02,,60.95,,117.50,-37.66,12.72,,BLV4534,EU Clean,,0,0
783320404528,Bvlgari Rose Goldea Blossom Delight Giftset EDP 75 ml + EDP 15 ml + Toilettas,Bvlgari,Rose Goldea Blossom Delight ,EDP,,75 ml,,1,39.50,41.48,67.95,74.95,,124.31,11.40,17.19,,BLV4592,EU Clean,,39.5,0
783320404528,Bvlgari Rose Goldea Blossom Delight Giftset EDP 75 ml + EDP 15 ml + Toilettas,Bvlgari,Rose Goldea Blossom Delight ,EDP,,75 ml,,5,39.50,41.48,,,,,-44.76,-44.76,,,EU Clean,,197.5,0
783320502019,Bvlgari Rose Goldea EDP 25 ml,Bvlgari,Rose Goldea,EDP,,25 ml,,0,28.00,29.40,,36.95,,52.52,-33.26,-2.72,,BLV4559,EU Clean,,0,0
783320502514,Bvlgari Rose Goldea EDP 90 ml,Bvlgari,Rose Goldea,EDP,,90 ml,,0,,0.00,,84.95,,137.71,-5.26,64.95,,BLV4579,EU Clean,,0,0
783320977350,Bvlgari Splendida Jasmin Noir EDP 50 ml,Bvlgari,Splendida Jasmin Noir,EDP,,50 ml,,0,23.00,24.15,49.95,54.95,,96.88,13.02,17.16,,BLV4581,EU Clean,,0,0
783320977343,Bvlgari Splendida Magnolia Sensuel EDP 100 ml,Bvlgari,Splendida Magnolia Sensuel,EDP,,100 ml,,0,48.95,51.40,81.95,89.95,,140.06,13.52,20.13,,BLV4591,EU Clean,,0,0
783320977336,Bvlgari Splendida Rose Rose EDP 100 ml,Bvlgari,Splendida Rose Rose,EDP,,100 ml,,0,25.00,26.25,74.95,79.95,,137.68,31.69,35.82,,BLV4582,EU Clean,,0,0
783320823022,Bvlgari Voile de Jasmin EDT 100 ml,Bvlgari,Voile de Jasmin,EDT,,100 ml,,0,29.16,30.62,,67.95,,85.95,-34.42,21.74,,BLV4535,EU Clean,,0,0
3360373063680,Cacharel Amor Amor EDT 100 ml,Cacharel,Amor Amor,EDT,,100 ml,,0,31.00,32.55,,45.50,,89.95,-36.26,1.35,,CAC6221,EU Clean,,0,0
3360373063697,Cacharel Amor Amor EDT 30 ml ,Cacharel,Amor Amor,EDT,,30 ml,,0,18.50,19.43,,26.95,,44.50,-23.76,-1.48,,CAC6237,EU Clean,,0,0
3360373063703,Cacharel Amor Amor EDT 50 ml ,Cacharel,Amor Amor,EDT,,50 ml,,0,24.50,25.73,,36.95,,62.00,-29.76,0.78,,CAC6222,EU Clean,,0,0
3605520663871,Cacharel Amor Amor Tentation EDP 100 ml,Cacharel,Amor Amor Tentation,EDP,,100 ml,,0,37.80,39.69,,74.95,,89.95,-43.06,18.89,,CAC6223,EU Clean,,0,0
3360373047147,Cacharel Amor pour Homme EDT 125 ml,Cacharel,Amor pour Homme,EDT,,125 ml,,0,28.00,29.40,,57.95,,69.95,-33.26,14.64,,CAC6224,EU Clean,,0,0
3360373047130,Cacharel Amor pour Homme EDT 75 ml,Cacharel,Amor pour Homme,EDT,,75 ml,,0,,0.00,,94.95,,119.95,-5.26,73.21,,CAC6240,EU Clean,,0,0
3360373068401,Cacharel Anaïs Anaïs EDP 50 ml,Cacharel,Anaïs Anaïs,EDP,,50 ml,,0,,0.00,,59.95,,71.50,-5.26,44.29,,CAC6241,EU Clean,,0,0
3360374533205,Cacharel Anaïs Anaïs EDT 100 ml,Cacharel,Anaïs Anaïs,EDT,,100 ml,,0,31.75,33.34,,49.95,,91.95,-37.01,4.27,,CAC6225,EU Clean,,0,0
3360370512044,Cacharel Anaïs Anaïs EDT 30 ml,Cacharel,Anaïs Anaïs,EDT,,30 ml,,0,14.00,14.70,,41.95,,49.95,-19.26,15.41,,CAC6226,EU Clean,,0,0
3360374507206,Cacharel Anaïs Anaïs EDT 50 ml,Cacharel,Anaïs Anaïs,EDT,,50 ml,,0,20.00,21.00,43.95,45.95,,62.50,11.07,12.72,,CAC6227,EU Clean,,0,0
3360373048861,Cacharel Eden EDP 30 ml,Cacharel,Eden,EDP,,30 ml,,0,14.00,14.70,,29.95,,48.95,-19.26,5.50,,CAC6228,EU Clean,,0,0
3360373048878,Cacharel Eden EDP 50 ml,Cacharel,Eden,EDP,,50 ml,,0,22.95,24.10,,42.95,,69.50,-28.21,7.29,,CAC6239,EU Clean,,0,0
3605520286575,Cacharel Liberté EDT 50 ml,Cacharel,Liberté,EDT,,50 ml,,0,20.00,21.00,,40.95,,59.95,-25.26,8.59,,CAC6229,EU Clean,,0,0
3360373000098,Cacharel Lou Lou EDP 100 ml,Cacharel,Lou Lou,EDP,,100 ml,,0,36.00,37.80,,72.95,,91.95,-41.26,19.03,,CAC6230,EU Clean,,0,0
3360373000074,Cacharel Lou Lou EDP 30 ml,Cacharel,Lou Lou,EDP,,30 ml,,0,14.00,14.70,,27.95,,47.95,-19.26,3.84,,CAC6231,EU Clean,,0,0
3360373000081,Cacharel Lou Lou EDP 50 ml,Cacharel,Lou Lou,EDP,,50 ml,,0,28.75,30.19,,38.95,,72.50,-34.01,-1.82,,CAC6232,EU Clean,,0,0
3605520937958,Cacharel Noa Dream EDT 50 ml,Cacharel,Noa Dream,EDT,,50 ml,,0,27.00,28.35,,43.95,,62.95,-32.26,4.07,,CAC6233,EU Clean,,0,0
3360373016358,Cacharel Noa EDT 100 ml,Cacharel,Noa,EDT,,100 ml,,0,33.50,35.18,,52.95,,89.95,-38.76,5.00,,CAC6238,EU Clean,,0,0
3360373016334,Cacharel Noa EDT 30 ml,Cacharel,Noa,EDT,,30 ml,,0,16.00,16.80,,29.95,,42.95,-21.26,3.50,,CAC6234,EU Clean,,0,0
3360373016341,Cacharel Noa EDT 50 ml,Cacharel,Noa,EDT,,50 ml,,1,18.00,18.90,36.95,37.95,,62.95,7.28,8.11,,CAC6235,EU Clean,,18,0
8718758319078,Cacharel Noa EDT 50 ml,Cacharel,Noa,EDT,,50 ml,,11,18.00,18.90,,,,,-23.26,-23.26,,,EU Clean,,198,0